year,station,do,ph,co,bod,na,tc,wqi
2014,1393,6.7,7.5,203,1.8965,0.1,27,93.82
2014,1399,5.7,7.2,189,2,0.2,8391,76.96
2014,1475,6.3,6.9,179,1.7,0.1,5330,79.28
2014,3181,5.8,6.9,64,3.8,0.5,8443,69.34
2014,3182,5.8,7.3,83,1.9,0.4,5500,77.14
2014,1400,5.5,7.4,81,1.5,0.1,4049,77.14
2014,1476,6.1,6.7,308,1.4,0.3,5672,75.44
2014,3185,6.4,6.7,414,1,0.2,9423,75.44
2014,3186,6.4,7.6,305,2.2,0.1,4990,82.04
2014,3187,6.3,7.6,77,2.3,0.1,4301,82.76
2014,1543,7.1,7.1,176,1.2,0.1,7817,82.58
2014,1548,6.7,6.4,93,1.4,0.1,3433,66.26
2014,2276,7.4,6.8,121,1.7,0.4,18125,68.22
2014,2275,6.9,7,620,1.1,0.1,6300,82.04
2014,3189,6,7.5,72,1.6,0.2,9517,82.94
2014,1546,7.3,7,247,1.5,0.2,2453,82.4
2014,2270,7.3,7,188,1,0.1,3048,82.58
2014,2272,7,6.9,224,1.2,0.3,6742,79.28
2014,1545,7.3,6.7,144,1.5,0.1,3052,76.16
2014,2274,5.3,6.8,319,1.8,0.3,10250,61.88
2014,2271,6.3,6.4,79,1.6,1.4,12842,55.02
2014,2273,5.4,7.6,39,1.4,0.1,6367,77.32
2014,3183,2.2,6.5,322,4.7,1.2,14920,28.12
2014,3184,5.2,7.1,192,2.6,0.3,8925,76.96
2014,3190,5.6,7.5,282,1.8,0.1,5082,76.78
2014,3191,5.5,7.4,275,1.5,0.1,8625,76.78
2014,1547,7.3,6.7,55,1.4,0.1,4003,76.34
2014,3188,6.5,7.5,415,2,0.1,1538,82.04
2014,1544,7.2,6.3,100,1.5,0.1,13575,55.02
2014,2651,6.6,7.8,95,4.9,0.2,36,89.32
2014,1461,6.9,7.9,99,5,0.4,34,89.32
2014,2653,6.8,7.7,85,5.2,0.3,23,89.32
2014,2654,6.7,7.8,80,4.9,0.3,29,89.32
2014,1092,5.1,7.3,3937,10.3,1.8,83,72.68
2014,2670,5.6,7.9,468,3.6,1.9,164,77.36
2014,1152,6.4,7.6,541,5.7,0.6,45,88.6
2014,2198,5.5,7.4,6166,7.7,1.1,67,72.68
2014,2671,5.3,7.7,24062,9.9,1.2,304,72.68
2014,2672,6.7,7.6,83,4.8,0.2,76,83.7
2014,2168,3.6,7.4,4424,31.3,2.2,474,61.44
2014,2676,7.2,7.7,226,3.1,0.8,130,83.34
2014,1151,5.9,7.4,268,6.4,0.4,68,73.04
2014,1462,5.4,7.5,2413,7.4,1.5,116,72.68
2014,2685,5.8,7.3,384,5.4,0.6,78,77.36
2014,2686,5.9,7.4,269,5.1,1.2,60,77.72
2014,2687,6,7.3,269,8.5,0.4,58,78.66
2014,2688,6.1,7.3,196,6.1,0.5,63,78.84
2014,2689,5.9,7.4,269,6.4,0.4,47,78.66
2014,2696,6.3,7.8,223,4.6,0.9,32,89.14
2014,2199,6.7,7.3,9293,3.5,1.8,0,94.22
2014,2701,6.8,7.2,170,3.1,1.4,0,94.76
2014,2702,6.8,7.3,4175,3.3,1.6,0,94.22
2014,2703,6.9,7.3,4282,3.3,1.6,0,94.22
2014,2704,6.9,7.3,5551,3.4,1.7,0,94.22
2014,2706,6.8,7.9,5390,4.9,0.8,28,88.6
2014,2707,6.6,8.1,161,4.6,0.3,32,89.14
2014,2708,6.7,8,138,5,0.3,33,89.32
2014,2709,6.7,7.8,81,4.9,0.3,35,89.32
2014,1093,5.9,7.7,194,5.5,0.6,51,77.9
2014,1094,6.3,7.6,186,4.6,0.6,31,89.14
2014,2162,6.6,7.6,207,4.7,0.7,31,89.14
2014,2712,6.8,7.7,85,5,0.4,34,89.32
2014,2164,7.1,7.4,176,2.7,0.9,30,93.82
2014,2713,7,7.4,178,2.7,0.9,40,93.82
2014,2714,7.2,7.2,180,2.7,1,70,88.2
2014,1342,6.7,7.5,85,1.4,1,420,88.38
2014,1443,5.8,7.4,77,1.4,0.8,691,77.14
2014,3465,6.6,7.5,75,1.4,0.7,448,88.56
2014,3466,6.7,7.5,82,1.4,1,443,88.38
2014,2297,6.7,6.9,56,0.9,0.2,172,85.26
2014,2319,6.5,6.7,2240,1.2,0.2,304,81.06
2014,2286,6.3,6.9,73,1.6,0,2008,79.64
2014,2331,7,7.4,130,0.7,0.1,590,82.76
2014,2332,6.6,7.7,191,1.6,0.2,661,82.58
2014,1154,6.9,6.9,134,1.1,0.4,531,79.46
2014,20,7,7.5,80,0.8,0.4,3583,82.76
2014,21,6.7,7.4,14526,0.8,0.6,1969,82.04
2014,3464,7.2,7.4,82,0.7,0.5,1311,82.76
2014,1572,7.5,7.2,67,1.1,0.1,590,82.94
2014,1573,3,6.6,965,1.7,1.2,530,55.28
2014,2295,5.9,7.4,17990,0.7,0.5,2803,76.42
2014,1564,6.7,7.5,90,1.6,0.9,473,88.38
2014,2287,6.1,7.4,4429,2,1.6,550,82.04
2014,1566,6.7,6.9,87,1.7,0.2,350,85.08
2014,2293,6.9,6.8,85,1.6,0.2,206,85.08
2014,2337,2.1,6.8,101,1.6,0.8,694,51.36
2014,2338,2.5,6.9,83,1.9,0.3,656,51.36
2014,42,7.2,7.6,75,1.4,1,426,88.56
2014,2294,3.7,7.7,32005,1.2,0.9,60392,53.94
2014,3460,6.1,7.6,281,1.2,0.7,718,82.4
2014,3458,6.7,7.6,106,0.5,2.5,71,88.38
2014,1571,7.6,7.1,58,1.2,0.1,961,82.94
2014,1155,1.9,7.7,2941,26.9,2.8,37375,33.34
2014,3471,7.4,7,35,0.1,0,409,88.56
2014,2289,6.4,7.2,63,1.3,0.4,535,82.94
2014,2301,5.4,6.7,65,1.1,0.3,144,76.34
2014,2291,5.6,7.3,90,1.6,0.4,705,77.14
2014,2326,7.1,8,728,1.2,0.4,697,82.04
2014,1569,5.9,6.8,13953,1.5,0.4,166,78.74
2014,2298,7.4,6.9,57,1.1,0.3,159,85.26
2014,1567,7.2,7.2,41,0.7,0.2,658,82.94
2014,1568,6.5,7.4,71,0.6,0.3,7018,82.94
2014,2285,6.8,7.1,81,0.8,0,1268,82.76
2014,1340,6.8,6.9,68,1.7,0.1,660,79.64
2014,1384,6.6,7,70,1.4,0.1,822,82.94
2014,3459,6.4,7.7,100,0.6,0.9,88,88.38
2014,2307,7.3,6.9,96,1.9,0.2,825,79.46
2014,1339,6.8,6.6,49,0.5,0.4,2950,73.04
2014,2304,5.6,7.2,24360,2.1,0.3,447,82.04
2014,43,6.9,6.8,59,0.6,0.5,3375,79.64
2014,2302,7.1,6.8,14410,1.8,0.1,468,84.36
2014,1570,6.2,7.2,22757,1.5,0.1,542,82.04
2014,1563,6.7,7.1,66,0.6,0,626,82.94
2014,2284,7.2,7,59,0.6,0,433,88.56
2014,2288,6,7.6,120,1.3,1.1,523,82.76
2014,1156,5.2,6.8,55,0.6,0.7,313,79.64
2014,1341,4.8,6.8,86,0.7,0.8,332,73.84
2014,1565,3.9,6.9,62,0.5,0.7,284,68.4
2014,17,5,6.9,3185,1.8,0.4,667,67.5
2014,18,7,7,36,1.1,0.2,541,82.94
2014,1338,6.3,6.9,64,1.2,0.3,815,79.64
2014,2333,6.2,6.9,86,1.3,0.2,1007,79.46
2014,2334,5.7,6.8,2640,1.9,0.5,759,73.12
2014,2335,5.7,6.9,53,3.1,0.4,1205,69.34
2014,2336,6.6,7.1,2007,1.3,0.2,785,82.04
2014,3468,6.6,7,46,1.3,0.3,472,88.56
2014,2300,6.5,6.5,43,0.9,0.4,188,78.66
2014,2303,6.7,6.3,54,0.9,0.1,610,66.44
2014,2290,4.3,7.2,113,1.8,0.4,796,71.52
2014,2299,4.6,6.7,12561,1.5,0.6,171,69.82
2014,2305,7.7,6.9,61,1.6,0,554,79.64
2014,2296,5.8,6.5,61,1,0.4,151,73.04
2014,2292,4.5,6.9,1614,2.1,0.6,230,73.12
2014,2306,6.9,7.2,20950,1.3,0.2,643,82.04
2014,3473,6.6,7,14487,0.9,0.3,103,87.66
2014,1442,6.9,7.5,54,0.6,0,1633,82.94
2014,1448,5.5,7.6,569,1.3,0.9,141,82.04
2014,2352,5.4,7.8,310,0.8,2.4,107,82.04
2014,3080,7.1,7.8,516,0.7,0.5,1238,82.04
2014,3081,6.9,8,505,0.9,0.7,1563,82.04
2014,1444,7.3,7.3,109,2.4,3.4,65,88.38
2014,2780,7.5,7.5,83,2.1,2,74,88.38
2014,1894,6.4,7.2,102,1,0,1223,82.76
2014,1892,6.5,7.1,92,1,0,1342,82.76
2014,2423,7.7,7.9,232,1.3,0.8,40500,71.16
2014,2424,7.5,7.8,519,2.1,0.7,53556,70.8
2014,2425,7.3,7.2,103,0.7,1.7,13810,71.52
2014,2422,7.4,7.9,196,0.7,0.6,15213,71.34
2014,1642,7.4,7.8,244,1.9,1,12473,71.16
2014,1643,7.5,8,243,1.7,0.9,30319,71.16
2014,1455,7.2,8,296,1.5,0.7,4314,82.4
2014,1456,6.6,7.8,25034,1.5,0.9,4224,82.04
2014,2426,7.5,7.9,194,1,1,8559,82.58
2014,2427,7.4,7.9,170,0.8,0.9,16709,71.34
2014,1685,6.7,7.3,386,1.8965,0.2,468,87.66
2014,2444,5.9,7.9,21600,1.8965,0.1,468,82.04
2014,2442,6.5,7.3,21600,1.8965,0.1,468,87.66
2014,2443,6.5,7.7,26600,1.8965,0.1,468,87.66
2014,2445,6,7.1,13000,1.8965,0.4,468,87.66
2014,1450,6.5,7.4,1063,2,0.6,374,87.66
2014,1159,6.8,6.6,63,2.9,0.1,36,84.28
2014,1160,6.6,6.4,101,2.5,0.2,41,77.5
2014,1161,6.6,6.5,136,2.5,0.2,45,84.1
2014,1162,6.7,6.9,226,2.2,0.2,38,90.34
2014,1328,6.7,6.3,72,2.7,0.2,32,77.68
2014,1329,6.7,6.4,61,4.6,0.1,34,73
2014,1330,6.6,7.2,1300,2.7,0.2,60,87.66
2014,3025,6.7,7,461,2.5,0.1,51,87.66
2014,3026,6.6,6.2,69,2.5,0.1,38,77.68
2014,3027,6.8,6.9,241,2.5,0.1,48,90.34
2014,3028,6.5,6.6,159,2.4,0.2,41,83.92
2014,3029,6.6,6.7,170,2.5,0.2,34,87.22
2014,3023,0.9,7.6,2039,104.5,0.9,511090873,28.66
2014,1885,6.7,7.3,183,1.8965,0.516,468,88.2
2014,1023,5.8,7.2,640,6,4.3,4073,71.74
2014,1024,4.8,7.6,1090,22,3.6,52500,50.2
2014,1295,5.5,7.3,705,10,5,5433,67.06
2014,1473,5.1,7.4,1375,23.7,5.9,50333,55.82
2014,1698,5.5,7.4,745,10,6.1,29333,55.82
2014,1699,5,7.6,975,16.3,6.1,21667,50.2
2014,1700,4.9,7.7,1385,27.5,7.7,72000,50.2
2014,1701,5,7.3,1067,19.3,6.2,39533,50.2
2014,1702,5.3,7.2,970,13.3,5.9,7133,67.06
2014,1703,4.9,7.7,1418,21,4.2,49500,50.2
2014,1704,4.1,7.5,1015,23,6.1,57500,50.2
2014,1705,4.8,7.4,854,17,4.7,38000,50.2
2014,1025,6.7,8.2,183,19.8,0,468,78.84
2014,1026,6.7,7.9,183,18.2,0,468,78.84
2014,1718,4,6.8,370,3,0.8,9,73.12
2014,1871,7.8,7.8,376,1.3,0.4,17,93.28
2014,2624,7.7,7.7,354,1.3,0.3,22,93.28
2014,2625,7.6,7.9,344,1.6,0.4,22,93.28
2014,1884,6.7,7.2,183,88,0,468,74.16
2014,1870,4.4,7.1,694,41,1.2,224,67.06
2014,2947,5.9,8,401,0.9,0.7,15,87.66
2014,1717,6,7.2,106,0.8,0.4,15,94
2014,2948,5.6,7.9,326,1.1,0.8,4,93.28
2014,2949,6.2,8.1,592,1,0.7,6,93.28
2014,3383,7.2,7.5,119,2.3,3.8,74,88.38
2014,3384,7.2,7.5,120,2.3,4.1,67,88.38
2014,3380,7.5,7.3,82,1.8,2.8,70,88.38
2014,1632,7.5,7.5,111,2.4,3,506,82.76
2014,1428,5.3,3.3,831,7.7,3.2,36,61.8
2014,3369,7.2,7.2,56,1.7,2.6,42,94.18
2014,3370,7.5,7.2,66,1.6,2.5,44,94.18
2014,3371,7.8,7,74,2.3,4.3,108,88.56
2014,3375,6.7,2.7,1350,3.3,1.1,16,72.1
2014,3376,7.3,6.6,274,2.5,2.4,386,78.12
2014,3381,7.4,7.3,67,1.8,2.5,55,88.56
2014,3382,7.2,7.4,82,2,2.8,61,88.38
2014,3377,7.3,7.1,55,1.9,2.5,53,88.56
2014,3378,7.3,7.1,57,2,2.4,50,94.18
2014,1631,6.6,7.1,114,2.6,2.8,3108,82.76
2014,3379,7.3,5.6,56,1.8,2.1,34,77.68
2014,3367,5.1,7,105,3.6,4.7,780,72.46
2014,3368,7.3,7.1,51,1.6,2.4,40,94.18
2014,3372,7.7,7.2,50,1.6,2,36,94.18
2014,1633,7.6,7.3,115,2.1,3.7,528,82.76
2014,3353,6.2,7,81,2.4,5.1,79,88.38
2014,3354,7.2,7.1,66,1.9,3.4,63,88.56
2014,3355,7.4,7.1,57,1.5,2.9,40,94.18
2014,3356,7.5,7.4,144,1.7,3.5,59,88.38
2014,3350,7.1,7.1,63,1.9,5.6,48,94.18
2014,3351,7.3,7.2,65,1.9,3.3,48,94.18
2014,3352,7.3,7.3,65,2,3,54,88.56
2014,3359,1.5,6.9,345,33.9,16.9,34251,30.04
2014,3360,3.9,7.1,233,17,10.5,22223,44.94
2014,3361,1,7.2,376,57.2,20.3,83554,32.78
2014,3362,0.9,7.2,506,61.1,19.6,106333,33.34
2014,3357,7.2,7,66,1.9,3.7,60,88.56
2014,3358,7.7,7.2,62,1.6,3,59,88.56
2014,3363,7.3,6.9,61,2.2,2,52,85.26
2014,3364,1.2,7.1,380,45.7,15.6,94083,33.34
2014,3365,3.2,7.1,258,23.5,10.3,54083,44.94
2014,1427,7.2,7.2,124,6.9,4.5,552,73.4
2014,3366,7.2,7.1,65,2.1,2.4,120,88.56
2014,3373,7.5,7.3,64,1.9,3.3,42,94.18
2014,3374,7.6,7.3,65,1.9,3.8,43,94.18
2014,2050,7.1,7.3,269,1.4,0.1,115,88.02
2014,2051,7.2,7.3,275,1.5,0.1,68,88.02
2014,2052,6.9,7.1,186,1.6,0.1,29,93.82
2014,2053,6.8,7.1,201,1.4,0.2,86,88.2
2014,1403,6.2,7.8,165,2.1,0,340,88.2
2014,1404,6.4,7.8,158,4.1,0.5,500,83.52
2014,1726,6.6,7.9,210,4.2,1.9,572,77.9
2013,2,6.7,0,208,1.8965,0.516,468,71.7
2013,1150,7.3,7.9,693,0.5,1,173,87.66
2013,1246,5,7.6,1676,1.8,8,174,76.42
2013,1865,6.7,0,506,1.8965,6,227,71.16
2013,1434,6,7.7,1863,8.6,1,1183,72.68
2013,1980,6.7,7.3,24300,1.8965,7,24,93.28
2013,1149,5.3,7.8,817,2.8,1,23,87.66
2013,1436,4.3,7.8,2307,103.8,1.23,1817,56.76
2013,1860,4.5,8.3,1287,1.5,11,5,87.66
2013,2082,6.7,7.3,183,1.8965,0,2,99.44
2013,1148,6.8,8.2,1862,2.5,0.87,64,87.66
2013,3205,5,8,183,0.7,0,468,76.96
2013,3204,3,7.7,183,0.4,0,468,71.34
2013,1862,6.7,8.1,2520,7.2,1,41,83.92
2013,2072,8.2,8.4,606,2.9,0,468,87.66
2013,1861,6.7,7.3,183,1.8965,0.516,468,88.2
2013,1399,5.6,7.5,41,2,0.08,13410,66.08
2013,1475,5.5,6.7,209,0.8,0.17,2915,70.36
2013,3181,5.5,7.1,123,1.5,0.09,6264,77.14
2013,3182,5.3,7.3,182,1.5,0.08,3080,76.96
2013,1400,6,7.6,100,1.2,0.17,6086,82.76
2013,1476,5.7,6.9,111,1,0.14,3061,73.84
2013,3185,6.4,7.1,140,1.1,0.1,7908,82.76
2013,3186,6.2,7.8,44,2,0.06,9320,82.94
2013,3187,6.1,7.6,43,1.8,0.06,9554,82.94
2013,1543,7,6.9,64,1.1,0.09,2841,79.64
2013,1548,6.6,6.5,62,1,0.14,7190,73.04
2013,2276,7,6.8,304,2,0.49,23867,67.5
2013,2275,7,7,55,1.2,0.66,2813,82.94
2013,3189,6.3,7.6,213,1.5,0.06,7069,82.58
2013,1546,6.7,6.8,83,1.2,0.17,3559,79.46
2013,2270,7.1,6.6,76,1,0.12,3527,72.86
2013,2272,6.7,6.6,107,1.3,0.22,3757,72.86
2013,1545,7.2,6.7,89,0.9,0.06,1996,76.16
2013,2274,4.2,6.7,192,2,0.16,9286,64.74
2013,2271,6.3,6.6,79,1.6,0.19,6054,72.86
2013,2273,5.6,7.7,142,1.7,0.14,3644,77.14
2013,3183,2.8,6.4,424,3.2,0.35,21036,21.52
2013,3184,5.2,7.1,306,2.6,0.34,1525,76.42
2013,3190,5.6,7.7,40,1.5,0.07,7130,77.32
2013,3191,5.5,7.7,40,1.5,0.08,12282,66.08
2013,1547,6.9,6.7,63,0.9,0.21,1132,76.34
2013,3188,6.3,7.6,227,1.7,0.08,3612,82.4
2013,1544,7.1,6.6,68,1.1,0.13,8167,73.04
2013,2651,6.9,7.7,121,3.3,1,163,83.7
2013,1461,7.2,8.2,112,3.3,1,94,83.7
2013,2653,6.9,7.7,103,3.7,0.57,103,83.7
2013,2654,6.9,7.6,104,3.5,0.75,79,83.7
2013,1092,6.4,7.4,1003,4.3,2.89,753,77.36
2013,2670,6.3,8.3,408,2.7,1.58,157,87.66
2013,1152,6.7,7.8,105,3.6,1,89,83.7
2013,2198,6.3,7.6,209,4.4,1.86,98,83.52
2013,2671,5.9,7.6,13768,5,1.79,300,77.36
2013,2672,7.3,7.7,86,3.2,1,93,83.7
2013,2168,3.6,7.4,6487,30.5,1.5,745,55.82
2013,2676,6.3,8.3,999,3.3,1.78,112,82.98
2013,1151,7.2,7.7,125,3.3,1,89,83.7
2013,1462,7.1,7.5,127,3.4,4.4,63,83.7
2013,2685,7.1,7.4,5300,38,1,667,72.68
2013,2686,7.2,7.6,127,3.2,1,51,83.7
2013,2687,7,7.6,126,3.3,1,63,83.7
2013,2688,7.2,7.6,126,3.4,1.89,64,83.7
2013,2689,7.1,7.8,112,3.2,0.63,88,83.7
2013,2199,6.8,7.7,9590,3.6,4.57,124,82.98
2013,2701,6.8,7.4,174,3.7,2.26,124,83.52
2013,2702,6.8,7.6,2572,3.3,4.22,118,82.98
2013,2703,6.7,7.8,6030,4.4,4.78,138,82.98
2013,2704,6.8,7.7,7207,3.9,4.25,120,82.98
2013,2706,6.8,8.1,167,3.8,1,85,83.52
2013,2707,6.8,8,173,3.5,1,98,83.52
2013,2708,7,8,168,3.6,1,83,83.52
2013,2709,6.9,7.9,131,3.5,0.75,96,83.7
2013,1094,7,7.6,125,3.5,0.6,63,83.7
2013,2162,7.2,7.5,132,3.3,0.9,88,83.7
2013,2712,7.2,7.7,119,3.3,1,68,83.7
2013,2164,6.9,7.5,159,2.8,1,82,88.2
2013,2713,6.7,7.7,141,3.3,3,90,83.7
2013,2714,7.3,7.7,132,2.9,2,88,88.38
2013,1342,6.4,7.3,76,1.7,0.62,788,82.76
2013,1443,6,7.1,85,1.7,0.53,538,82.76
2013,3465,6.3,7.1,69,1.3,0.57,593,82.94
2013,3466,6.5,7.3,76,1.6,0.55,545,82.76
2013,2297,6.7,6.6,60,1.2,0.34,435,78.66
2013,2319,7,6.6,3544,1.5,0.37,435,77.76
2013,2286,6.7,7.3,51,0.8,0.35,1567,82.94
2013,2331,6.9,7.7,107,0.7,0.46,443,88.38
2013,2332,6.7,7.9,173,0.9,0.56,426,88.2
2013,1154,5.6,6.9,126,1.2,0.67,990,73.84
2013,20,7.3,7.4,70,0.8,0.31,4208,82.94
2013,21,6.9,7.4,12754,0.8,0.29,2557,82.04
2013,3464,7.1,7.4,80,0.6,0.5,2831,82.76
2013,1572,7.2,6.9,62,1.3,0.11,150,85.26
2013,1573,3.4,6.7,2965,2.3,1.11,1236,58.58
2013,2295,6.1,7.2,15871,0.9,0.25,2975,82.04
2013,1564,6.4,7.2,120,1.9,0.77,618,82.76
2013,2287,6.2,7.2,7448,2,1.01,483,87.66
2013,1566,6.6,6.9,77,1.6,0.29,756,79.46
2013,2293,6.8,7,72,1.7,0.2,785,82.94
2013,2337,2.9,6.7,305,2.2,1.28,1623,47.34
2013,2338,3,6.6,86,2,0.39,1319,56
2013,42,6.7,7.1,79,1.6,0.34,738,82.76
2013,2294,3.6,7.3,32790,2.6,0.59,112867,53.94
2013,3460,6.1,7.8,2905,1.3,0.54,997,82.04
2013,3458,6.9,7.4,112,0.5,0.35,67,88.38
2013,1571,7,6.9,51,1.1,0.18,317,85.26
2013,1155,3.1,7.2,1416,13.2,4.41,19917,44.58
2013,3471,7,7.1,30,0.5,0.32,496,88.56
2013,2289,6.1,7,59,1.8,0.58,282,88.56
2013,2301,6,6.4,61,2.1,0.28,300,72.06
2013,2291,6.3,7,105,2.8,0.37,543,82.76
2013,2326,6.9,8.1,502,0.9,0.72,615,82.04
2013,1569,5.9,6.7,14662,1.5,0.52,377,75.44
2013,2298,7.8,6.8,49,1.4,0.3,319,85.26
2013,1567,7.1,7.4,380,1,0.14,66382,70.8
2013,1568,7.3,7.2,67,0.9,0.38,3471,82.94
2013,2285,6.2,7.2,51,0.8,0.23,942,82.94
2013,1340,7.2,6.8,69,1.2,0.45,941,79.64
2013,1384,6.9,6.7,75,2.5,0.4,701,76.34
2013,3459,6.3,7.4,113,0.6,0.88,128,88.38
2013,2307,7.6,6.8,79,1.6,0.31,109,85.08
2013,1339,7,7.2,57,0.6,0.46,3558,82.94
2013,2304,5.9,7,22576,1.5,0.35,253,82.04
2013,43,6.8,7.2,105,0.6,0.39,2392,82.76
2013,2302,6.3,6.7,2315,1.3,0.17,278,81.06
2013,1570,6.4,6.9,18569,1,0.27,277,84.36
2013,1563,6.6,7.3,45,0.6,0.39,940,82.94
2013,2284,6.9,7.2,42,0.5,0.18,774,82.94
2013,2288,6,7.3,92,1.7,0.56,597,82.76
2013,1156,6.1,7.2,59,0.7,1.04,311,88.56
2013,1341,4.5,6.9,1190,0.7,1.17,388,73.12
2013,1565,4.2,7,69,0.6,1.04,420,77.32
2013,17,6,7,5569,2.2,0.68,1894,82.04
2013,18,7.3,7,34,1,0.27,927,82.94
2013,1338,6.3,7,44,1.6,0.32,1876,82.94
2013,2333,6.4,7.2,49,1.4,0.23,1357,82.94
2013,2334,5.9,7,3272,2.2,0.62,1284,76.42
2013,2335,4.6,7,65,1.7,0.28,1937,71.7
2013,2336,6.5,6.9,4650,2,1,1573,78.74
2013,3468,6.5,7,42,1.4,1,1221,82.94
2013,2300,6.4,6.4,45,1.2,1,376,72.06
2013,2303,6,6.1,56,1.2,0,438,72.06
2013,2290,5.3,6.8,99,2.8,0.79,523,73.84
2013,2299,3.6,6.5,22131,1.8,0.95,261,60.9
2013,2305,6.9,6.7,66,1.8,0,205,81.96
2013,2296,6,6.6,67,1.5,3.69,398,78.66
2013,2292,4.9,6.8,9107,1.6,1,614,67.5
2013,2306,6.3,7,18931,1.4,1,201,87.66
2013,3473,6.6,6.8,15525,1.1,0.06,347,84.36
2013,1442,7.1,7.5,46,0.8,1,1097,82.94
2013,1448,6,7.3,432,1.2,3,78,87.66
2013,2352,6.1,7.7,328,1.2,1,211,87.66
2013,3080,5.8,7.8,707,0.6,0.85,1100,76.42
2013,3081,6.1,8,674,0.9,1,1260,82.04
2013,1444,7.3,7.3,164,2.3,1,336,88.2
2013,2780,7.6,7.4,122,2.4,1,834,82.76
2013,1894,6.5,7.1,95,1,0,212,88.38
2013,1892,6.5,7.1,56,1,0,79,88.56
2013,2423,7.5,7.8,237,1.4,0.89,18918,71.16
2013,2424,7.6,7.6,3688,2.3,2.66,32918,70.8
2013,2425,7.3,7.5,82,1.2,1.58,17512,71.52
2013,2422,7.5,8,202,1.4,1.89,23191,71.34
2013,1642,7.3,7.9,232,2.9,2.23,30836,71.16
2013,1643,7.4,7.9,246,2.3,1.9,3900,82.4
2013,1455,6.9,8.1,3960,2,2.26,22523,70.8
2013,1456,7,8,28222,1.8,2.54,10469,70.8
2013,2426,7.2,7.8,201,1.3,1.59,31034,71.34
2013,2427,7.3,8,221,1.2,2.26,5289,82.58
2013,1685,6.7,7.8,183,1,1,468,88.2
2013,2442,8,7.7,401,1.8965,1,468,87.66
2013,2443,8,8.2,1886,4,1,468,82.98
2013,2444,7,8.2,742,5,1,468,82.98
2013,2445,7,6.4,149,4,1,468,67.2
2013,1450,6.7,7.5,1088,1.7,0,474,87.66
2013,1159,7.2,6.5,73,3.1,0,59,73.98
2013,1160,6.7,6.3,98,3.3,1.5,74,67.2
2013,1161,6.3,6.5,143,4,4,124,73.8
2013,1162,6.6,6.9,260,5.4,1,53,80.04
2013,1328,7.1,6.3,71,3.5,1,82,67.38
2013,1329,6.9,6.3,65,3.5,0,52,67.38
2013,1330,7.3,7.1,607,3.6,0.88,104,82.98
2013,3025,6.1,7,446,5.2,0.56,77,82.98
2013,3026,6.9,6.4,94,3.2,1.59,65,67.2
2013,3027,6.8,6.8,451,9.4,0.55,58,75
2013,3028,6,6.6,169,3.9,2,84,73.62
2013,3029,6.5,6.7,187,3.3,3,113,76.92
2013,3023,3.4,7.8,2577,164.9,1.5,160405392,30.54
2013,1861,6.7,7.3,183,1.8965,0.516,468,88.2
2013,1023,5.5,7.2,636,9.7,4,4975,67.06
2013,1024,4.7,7.3,1088,23.8,4,56000,50.2
2013,1295,5.3,7.2,689,11.3,4,6025,67.06
2013,1473,4.9,7.3,1267,23.5,3,54250,50.2
2013,1698,5.3,7.4,852,13,4,26750,55.82
2013,1699,4.9,7.5,977,16.5,5,30500,50.2
2013,1700,4.4,7.4,1256,24.8,6,55250,50.2
2013,1701,4.8,7.2,1021,20.3,4,43700,50.2
2013,1702,5.1,7.3,971,14.8,5,8425,67.06
2013,1703,4.6,7.4,1284,24.3,4,50000,50.2
2013,1704,4,7.4,1096,26,3,57500,44.58
2013,1705,4.4,7.3,1002,21.5,4,43750,50.2
2013,1025,6.7,6.9,910,13,0,468,75
2013,1026,6.7,6.5,930,15,0,468,68.4
2013,1884,5,7.3,183,33.9,0,468,67.6
2013,1887,6.7,6.7,960,18,0,468,71.7
2013,1718,4.8,7.6,295,0.8,0,9,82.4
2013,1871,7.1,7.5,293,1.3,0,19,93.64
2013,2624,7.1,7.5,316,1.4,0,22,93.28
2013,2625,6.6,7.5,274,1.6,0,24,93.64
2013,1870,4.9,7.4,407,16.3,0,120,67.06
2013,2947,4.9,8.3,603,1,0,5,87.66
2013,1717,5.5,7.4,138,0.8,0,6,88.38
2013,2948,5.5,8.1,625,1.1,0,6,87.66
2013,1719,5,7.3,305,1.7,0,12,82.04
2013,2949,5.6,8.1,552,1.1,0,6,87.66
2013,3305,7.3,7.3,402,2.1,0,32,93.28
2013,3383,7.2,7.3,99,2.2,1,57,88.38
2013,3384,7.2,7.4,102,2.2,1,56,88.38
2013,3380,7.6,7.2,72,1.8,2.56,57,88.56
2013,1632,7.1,7.5,131,2.2,3.2,413,88.38
2013,1428,5.2,2.9,682,7.8,1.5,30,61.8
2013,3369,7.3,7.1,47,1.3,2,48,94.18
2013,3370,7.6,7.2,52,1.2,2,36,94.18
2013,3371,8,6.9,64,1.8,3.38,49,90.88
2013,3372,7.9,7.3,46,1.4,1,29,94.18
2013,3373,7.4,7.2,53,1.9,3,32,94.18
2013,3374,7.7,7.2,55,1.6,3,63,88.56
2013,3375,6.8,2.7,1074,3.2,2.33,11,72.1
2013,3376,7.1,6.5,237,3.8,4.56,1072,67.82
2013,3381,7.8,7.2,50,1.6,1.77,41,94.18
2013,3382,7.3,7.3,71,2,2.66,47,94.18
2013,3377,7.3,7,91,1.8,3.3,45,94
2013,3378,7.4,7.1,49,1.7,2.44,42,94.18
2013,1631,6.5,7.1,99,2.7,3.56,2722,82.76
2013,3379,7.5,5.7,50,1.5,2.21,23,77.68
2013,3367,5.8,6.9,68,3.1,4.9,463,74.96
2013,3368,6.9,7.2,44,1.4,2.66,33,94.18
2013,1633,7.8,7.3,93,1.9,2.99,444,88.38
2013,3353,6.6,7,66,2.3,4,63,88.56
2013,3354,7.6,7.1,53,1.7,3,53,88.56
2013,3355,7.8,7,47,1.4,2,35,94.18
2013,3356,7.7,7.4,128,1.6,3.32,56,88.38
2013,3350,7.1,7,54,1.8,2.58,43,94.18
2013,3351,7.4,7,69,1.6,3.3,87,88.56
2013,3352,7.5,7.2,58,1.6,2.25,46,94.18
2013,3359,3.1,7.2,401,21.8,19,31444,44.58
2013,3360,4.7,7.2,202,13.6,15,20056,50.74
2013,3361,2.1,7.2,303,37.2,18.2,62333,33.34
2013,3362,1.8,7.2,394,40.6,15.4,96944,33.34
2013,3357,7.2,6.9,55,1.7,3.04,56,85.26
2013,3358,7.9,7.1,55,1.2,3.55,50,94.18
2013,3363,6.9,6.9,52,2.2,3.48,45,90.88
2013,3364,1.9,7,306,34.2,17.9,85667,33.34
2013,3365,4.5,7.1,196,15.5,11,43333,50.74
2013,1427,7.2,7.1,107,6.7,5.56,476,79.02
2013,3366,7.5,7,82,2.1,3.02,122,88.38
2013,2050,7.1,7.5,189,1.9,1,468,88.2
2013,2051,7,7.6,197,1.8,1,468,88.2
2013,2052,7.2,7.9,158,1.9,0.95,468,88.2
2013,2053,6.5,7.8,161,1.8,0.99,468,88.2
2013,1403,6.6,7.7,165,1.7,0,325,88.2
2013,1404,6.7,7.8,167,4.8,1,520,77.9
2013,1726,6.6,7.7,183,3.7,1.55,575,77.9
2012,1393,7.1,7.8,151,8,0.08,468,78.84
2012,1150,7.2,7.4,319,0.7,0.18,10,93.28
2012,1865,6.2,8.4,894,9,0.38,350,78.3
2012,1434,2.2,8,1835,17.9,0.86,25478,33.34
2012,1980,2,7.7,3165,32.3,3.44,15173,33.34
2012,1149,2.4,7.6,1500,6.2,1.31,13,55.82
2012,1399,5.9,7.2,52,2.1,0.08,90,82.94
2012,1475,6.1,6.8,408,1.3,0.17,3808,78.74
2012,3181,5.5,6.9,143,1.3,0.09,11113,62.6
2012,3182,5.4,7.2,60,1.5,0.08,2309,77.32
2012,1400,5.8,7.2,34,5.3,0.17,3322,72.64
2012,1476,5.9,6.7,125,1.5,0.14,5793,70.54
2012,3185,6.4,6.7,175,1.3,0.1,3636,75.98
2012,3186,6.2,7.7,39,1.3,0.06,4517,82.94
2012,3187,6.1,7.8,39,1.5,0.06,5840,82.94
2012,1543,7.3,6.9,61,0.7,0.09,4388,79.64
2012,1548,6.8,6.6,71,1.5,0.14,3949,73.04
2012,2276,7.4,6.5,129,2.3,0.49,16691,61.62
2012,2275,7,6.8,503,1.6,0.66,2404,78.74
2012,3189,6.3,7.5,31,1.6,0.06,4267,82.94
2012,1546,7.1,6.8,70,0.8,0.17,3567,79.64
2012,2270,7.3,6.8,69,1.2,0.12,2446,79.64
2012,2272,6.7,6.6,118,1,0.22,3496,72.86
2012,1545,7.4,6.8,80,1.3,0.06,1404,79.46
2012,2274,4.5,6.6,250,2.4,0.16,5889,61.26
2012,2271,6.1,6.9,74,1.8,0.19,3937,79.64
2012,2273,5.9,7.3,44,1.6,0.14,2794,77.32
2012,3183,2.4,6.5,195,4.8,0.35,14217,28.66
2012,3184,4,6.8,207,1.8,0.34,2280,62.42
2012,3190,5.4,7.6,40,1.6,0.07,1330,77.32
2012,3191,5.3,7.6,41,1.4,0.08,2517,77.32
2012,1547,7,6.9,54,0.8,0.21,3059,79.64
2012,3188,5.9,7.7,44,2.1,0.08,831,77.32
2012,1544,7.1,6.5,60,1.7,0.13,8163,73.04
2012,2651,6.9,7.7,99,3.3,0.56,123,83.7
2012,1461,6.6,7.9,123,3.2,0.52,104,83.7
2012,2653,6.6,7.7,220,3.6,0.65,77,83.52
2012,2654,6.8,7.7,219,3.4,0.63,75,83.52
2012,1092,4.8,7.2,5429,8.4,2.08,408,67.06
2012,2670,6.4,8,493,4.2,3.91,68,82.98
2012,1152,6.8,7.6,100,3,0.54,295,88.38
2012,2198,6.7,7.5,316,4.6,0.6,132,82.98
2012,2671,5.8,7.9,37227,9.5,1.42,451,72.68
2012,2672,6.9,7.7,84,3.1,0.42,168,83.7
2012,2168,4.9,7.6,21254,55.5,2.18,964,61.44
2012,2676,6.9,7.9,312,2.7,1.58,107,87.66
2012,1151,6.8,7.5,146,3,0.6,241,88.38
2012,1462,6.7,7.3,127,2.9,0.59,209,88.38
2012,2685,5.6,6.9,432,4.5,1.72,173,74.06
2012,2686,6.5,7.3,126,3,0.59,284,88.38
2012,2687,7.1,7.5,128,3,0.6,297,88.38
2012,2688,6.4,7.3,129,3.1,0.6,191,83.7
2012,2689,6.9,7.7,129,2.9,0.55,268,88.38
2012,2696,7,7.9,153,2.9,0.55,86,88.2
2012,2199,6.4,7.6,10165,3.7,2.14,139,82.98
2012,2701,6.9,7.7,307,2.8,3.6,123,87.66
2012,2702,6.3,7.7,322,3.5,1.1,116,82.98
2012,2703,6.5,7.5,5835,3.4,1.72,126,82.98
2012,2704,6.3,7.4,9245,4.7,2,134,82.98
2012,2706,6.5,8.1,1907,4,0.55,115,82.98
2012,2707,7,8,1896,3.5,0.64,245,82.98
2012,2708,7,8,206,2.9,0.56,74,88.2
2012,2709,6.8,7.8,239,3.3,0.56,77,83.34
2012,1093,6.4,7.6,152,3.2,0.96,142,83.52
2012,1094,6.7,7.7,146,3,0.89,73,88.38
2012,2162,6.7,7.6,137,2.9,0.76,64,88.38
2012,2712,6.6,7.8,228,3.5,0.57,79,83.34
2012,2164,7,7.7,409,2.4,0.93,112,87.66
2012,2713,6.8,7.6,263,2.9,0.81,123,88.02
2012,2714,6.9,7.5,338,2.3,3.93,108,87.66
2012,1342,7,7.2,79,0.8,0.62,637,82.76
2012,1443,6.6,7,67,1.1,0.53,670,82.94
2012,3465,6.6,7.3,59,0.7,0.57,541,82.94
2012,3466,6.2,7.3,66,0.8,0.55,609,82.94
2012,2297,7.1,7,67,1,0.34,538,82.94
2012,2319,7,6.7,5341,1.1,0.37,528,75.44
2012,2286,6.7,7.3,89,1.1,0.35,2025,82.76
2012,2331,6.2,7.3,136,1,0.46,676,82.76
2012,2332,7.1,8.1,212,0.9,0.56,992,82.58
2012,1154,6.3,6.3,134,1.2,0.67,780,66.26
2012,20,7.3,7.2,76,0.6,0.31,893,82.76
2012,21,7,7.3,11041,0.9,0.29,503,82.04
2012,3464,6.8,7.1,75,0.8,0.5,1169,82.94
2012,1572,7.4,7.2,61,0.7,0.11,255,88.56
2012,1573,1.7,6.6,769,3.4,1.11,1717,39.36
2012,2295,6.1,7.5,14083,1.4,0.25,2686,82.04
2012,1564,6.6,7.2,92,0.8,0.77,660,82.76
2012,2287,6.6,7.2,1348,0.8,1.01,810,82.04
2012,1566,6,6.7,95,1.2,0.29,680,76.16
2012,2293,6.6,6.8,78,1,0.2,626,79.46
2012,2337,0.6,6.7,268,4.1,1.28,1308,43.02
2012,2338,1.8,6.6,82,2,0.39,1410,44.76
2012,42,7.1,7.2,61,1,0.34,608,82.94
2012,2294,3.9,7.6,30298,2.5,0.59,7240,65.18
2012,3460,6.6,8,310,1.1,0.54,783,82.04
2012,3458,7,7.1,97,0.8,0.35,77,88.38
2012,1571,7.3,7,51,0.7,0.18,258,88.56
2012,1155,0.5,7.1,1717,21.2,4.41,15833,33.34
2012,3471,7,7.4,55,0.9,0.32,1400,82.94
2012,2289,6.1,6.8,67,1.1,0.58,394,85.26
2012,2301,7,6.7,61,1.3,0.28,248,81.96
2012,2291,5.2,6.9,81,1.5,0.37,465,79.46
2012,2326,6.1,8,510,1.1,0.72,1572,82.04
2012,1569,6.5,6.9,12150,1.8,0.52,1481,78.74
2012,2298,7.9,7.2,50,1.1,0.3,845,82.94
2012,1567,7.5,6.9,34,0.9,0.14,256,85.26
2012,1568,7,7.4,72,1,0.38,897,82.94
2012,2285,7.3,7.3,99,0.9,0.23,1788,82.76
2012,1340,7.5,6.9,125,1.6,0.45,1400,79.46
2012,1384,6.8,6.9,116,1.7,0.4,1260,79.46
2012,3459,5.8,7.3,107,0.9,0.88,343,82.76
2012,2307,7.1,7.2,85,0.8,0.31,184,88.38
2012,1339,6.8,7.1,58,0.7,0.46,3460,82.94
2012,2304,5.7,7.3,13197,1.5,0.35,144,82.04
2012,43,6.7,7.1,58,1.2,0.39,1739,82.94
2012,2302,7,6.9,3453,0.9,0.17,278,84.36
2012,1570,6.5,7,14369,1.3,0.27,175,87.66
2012,1563,6.6,7.3,70,1.4,0.39,1875,82.94
2012,2284,7,7.3,60,0.8,0.18,1813,82.94
2012,2288,6.3,7.2,97,0.8,0.56,880,82.76
2012,1156,6,7,63,1.1,1.04,493,88.56
2012,1341,4.4,7.1,113,1.5,1.17,722,71.52
2012,1565,4.5,7.2,79,1,1.04,537,71.52
2012,17,5.1,6.9,1789,2.1,0.68,1946,73.12
2012,18,7.5,7.2,36,1.1,0.27,1134,82.94
2012,1338,6.8,7,59,1.3,0.32,2267,82.94
2012,2333,6.8,6.9,114,1.4,0.23,1785,79.46
2012,2334,5.9,6.8,1108,2.2,0.62,1520,73.12
2012,2335,4.9,6.7,88,2.2,0.28,2200,64.92
2012,2336,6.8,6.9,1686,1.4,0.25,1223,78.74
2012,3468,7.1,6.9,45,1.2,0.29,1636,79.64
2012,2300,6.9,6.6,56,1.1,0.3,542,73.04
2012,2303,6.5,6.3,49,1,0.22,323,72.06
2012,2290,4.9,6.6,169,2.1,0.76,1241,61.44
2012,2299,4.2,6.5,19575,1.4,0.39,528,60.9
2012,2305,6.9,7.1,63,0.9,0.16,336,88.56
2012,2296,6.6,6.7,69,0.8,0.38,464,81.96
2012,2292,4.5,6.6,6381,2.1,0.34,435,66.52
2012,2306,6.2,7.2,9326,1.3,0.22,141,87.66
2012,3473,6.6,7.1,15158,1.1,0.26,810,82.04
2012,1442,6.3,7.3,74,1.2,0.29,1813,82.94
2012,1448,6,7.6,429,1.1,1.1,362,87.66
2012,2352,6,7.8,308,1.1,1.47,343,87.66
2012,3080,5.8,7.4,505,0.6,0.73,1517,76.42
2012,3081,6.1,7.5,465,0.5,0.34,1458,82.04
2012,1444,6.4,7.1,183,2.3,0.62,398,88.2
2012,2780,7.1,7.4,135,1.9,0.72,995,82.76
2012,1894,6.7,7.2,103,1,0.516,70,88.38
2012,1892,6.8,7.1,106,1,0.516,137,88.38
2012,2423,7.8,7.9,213,1.5,0.35,15083,71.34
2012,2424,7.7,8.1,312,2,0.75,32017,70.8
2012,2425,6.9,7.6,99,1.6,1.39,5395,82.76
2012,2422,7.3,8,230,1.6,0.69,4348,82.4
2012,1642,6.8,8.1,264,2.6,1.16,5142,82.4
2012,1643,7.2,8.1,272,3.1,1.46,4586,77.72
2012,1455,8,8.3,312,1.4,0.73,4319,82.04
2012,1456,8.2,8,19595,2,0.94,1116,82.04
2012,2426,7,8,199,1.8,1.11,3573,82.58
2012,2427,7.2,8.1,201,1.6,0.36,2324,82.58
2012,1685,6.8,7.8,505,2.1,0.02,468,87.66
2012,2444,6.5,7.9,11170,3,0.3,468,87.66
2012,2442,6.9,7.4,4990,3,0.37,468,87.66
2012,2443,6.8,8.1,1516,1.8965,0.28,468,87.66
2012,2445,6,7.3,44600,1.8965,0.23,468,87.66
2012,1450,6.8,7.5,890,2.1,0.51,589,82.04
2012,1159,7.3,7.6,160,1.9,0.06,89,88.2
2012,1160,7,7.7,111,2.2,0.08,131,88.38
2012,1161,6.7,7.7,139,3.1,0.22,300,83.7
2012,1162,7.2,7.2,288,2.1,0.14,91,88.02
2012,1328,7,7.1,95,1.9,0.08,118,88.38
2012,1329,7,7.5,84,1.7,0.06,87,88.38
2012,1330,7.4,7,3101,15.6,0.15,174,78.3
2012,3025,7.2,7.3,510,2.9,0.08,123,87.66
2012,3026,7.1,7.4,88,1.8,0.07,90,88.38
2012,3027,7.2,6.9,338,3.8,0.07,104,79.68
2012,3028,6.7,7.6,162,3.3,0.16,249,83.52
2012,3029,6.7,7.6,182,4.1,0.15,251,83.52
2012,3023,0.2,7.2,2219,185.8,1.75,300000000,19.3
2012,1885,6.8,8,414,3.1,0.88,468,82.98
2012,1023,5.5,7.4,635,8.8,5.08,5500,67.06
2012,1024,5.5,7.4,1051,25,6.8,63000,55.82
2012,1295,5.3,7.3,636,9.9,5,10000,67.06
2012,1473,5.1,7.4,993,21.9,6.63,57750,55.82
2012,1698,5.3,7.5,632,13.5,5.08,34750,55.82
2012,1699,4.9,7.4,973,17.5,4.77,40667,50.2
2012,1700,4.3,7.5,1156,24.5,7.65,65000,50.2
2012,1701,4.8,7.4,904,26,8.6,55000,50.2
2012,1702,5.1,7.4,1110,16,14.85,12000,55.82
2012,1703,5.3,7.4,1290,26.9,8.1,66250,55.82
2012,1704,4.9,7.4,990,27.8,6.78,40500,50.2
2012,1705,5.2,7.4,914,20.5,6.18,29500,55.82
2012,1025,6.4,7.9,1808,21,5.9,468,78.3
2012,1026,6.6,7.8,1302,18,0.516,468,78.3
2012,1887,6.4,8,1286,19.5,0.516,468,78.3
2012,1718,4.8,7.5,280,2.4,0.72,4,88.02
2012,1871,7.7,7.4,344,1.2,0.37,19,93.28
2012,2624,7.3,7,310,1.4,0.38,22,93.28
2012,2625,7.1,7.7,303,1.5,0.34,23,93.28
2012,1884,3.3,7.5,1630,185,1.75,468,47.4
2012,1870,6.2,7.5,788,41.5,4.08,235,78.3
2012,2947,6,8.3,468,1.4,0.43,16,93.28
2012,1717,5.9,7.3,234,1.5,0.36,12,88.02
2012,2948,6.4,8,527,1.2,0.35,21,93.28
2012,2949,5.9,7.9,796,1.5,0.48,14,87.66
2012,3305,7.3,7.4,388,2.1,0.58,46,93.28
2012,2869,8.5,7.5,166,2.7,0.516,31,93.82
2012,2838,8.9,7,125,1.9,0.516,45,94
2012,2868,8,7.8,144,2.1,0.516,51,88.38
2012,1424,7.5,7.7,87,1.2,0.516,54,88.38
2012,1457,8.5,7.6,84,2,0.516,16,94
2012,1627,8.4,7.5,103,1.9,0.516,75,88.38
2012,1628,8.7,7.2,117,3.2,0.516,52,83.7
2012,2861,6.5,7.7,287,8.2,0.516,114,78.66
2012,2862,8.6,7.5,130,4.6,0.516,39,89.32
2012,2864,8.9,7.5,109,1.2,0.516,33,94
2012,2874,9.8,8.4,246,1.2,0.516,10,93.64
2012,1458,7.6,7.5,147,1.3,0.516,30,94
2012,1624,8.7,7.6,202,1.2,0.516,60,88.2
2012,2863,8.4,7.4,177,2.4,0.516,48,93.82
2012,2873,8.7,7.6,203,2.5,0.516,59,88.2
2012,2865,8.2,7.4,120,1.9,0.516,46,94
2012,2866,8,7.2,110,1.4,0.516,80,88.38
2012,1925,8.4,7.6,213,1.5,0.516,20,93.82
2012,2877,9.4,7.8,174,1,0.516,16,93.82
2012,1926,8.1,8,244,2.4,0.516,73,88.02
2012,2878,8.1,8,162,1.8,0.516,26,93.82
2012,2867,8.7,7.6,163,2.6,0.516,24,93.82
2012,2852,8.7,7.6,143,1.9,0.516,58,88.38
2012,2857,9.2,7.6,208,1.9,0.516,30,93.82
2012,2879,8.3,7.7,158,2,0.516,48,93.82
2012,1625,5.9,7.1,338,6.6,0.516,522,67.06
2012,1626,4.3,7.4,269,12.3,0.516,412,67.42
2012,2858,8.2,7.1,109,3.3,0.516,12,89.32
2012,2859,11.1,7.6,131,3.6,0.516,32,89.32
2012,2860,7.4,7.1,116,2.7,0.516,55,88.38
2012,2880,8.2,7.6,112,2.1,0.516,31,94
2012,1927,8.5,7.5,169,3.6,0.516,41,89.14
2012,2853,11.4,7.2,128,1,0.516,20,94
2012,2854,8.9,7.6,221,1.7,0.516,30,93.82
2012,2856,9.3,7.6,193,2.3,0.516,41,93.82
2012,2870,9.1,7.3,217,3.9,0.516,67,83.52
2012,2871,7.9,7.3,131,0.8,0.516,38,94
2012,2872,8.7,7.4,176,2.2,0.516,36,93.82
2012,2855,8.1,7.3,199,2.2,0.516,56,88.2
2012,2876,8.2,7.4,170,2.2,0.516,39,93.82
2012,3383,7.7,7.2,95,1.8,2.67,50,94
2012,3384,7.6,7.2,92,2.5,2.41,45,94
2012,3380,9.9,7.2,65,1.5,2.31,55,88.56
2012,1632,7.6,7.4,93,2.1,2.89,408,88.38
2012,1428,5.5,2.9,568,6.8,1.12,33,61.8
2012,3369,7.6,7,42,1.3,3.01,27,94.18
2012,3370,7.7,7.1,45,1.4,2.89,22,94.18
2012,3371,8.3,7,59,1.7,2.86,33,94.18
2012,3375,6.9,2.6,1072,3.2,1.17,21,72.1
2012,3376,7.7,6.3,250,2.1,3.88,326,71.52
2012,3381,8.8,7.3,37,1.5,1.62,35,94.18
2012,3382,7.3,7.3,72,2,1.65,36,94.18
2012,3377,7.5,7,38,1.7,2.2,40,94.18
2012,3378,7.8,7.1,44,1.6,2.62,33,94.18
2012,1631,7,7,100,2.4,3.03,2600,82.76
2012,3379,7.5,6.3,52,1.7,0.82,21,77.68
2012,3367,6.4,6.9,61,2.6,3.88,538,79.64
2012,3368,7.5,7.1,39,1.4,2.88,22,94.18
2012,3372,8,7.1,41,1.4,3.35,25,94.18
2012,1633,7.9,7.3,93,1.7,5.02,418,88.38
2012,3353,7.5,6.9,69,1.9,4.92,49,90.88
2012,3354,7.9,7.2,46,1.7,2.72,45,94.18
2012,3355,8,7.2,42,1.4,2.47,31,94.18
2012,3356,7.7,7.1,101,1.5,3.42,43,94
2012,3350,7.2,7.1,49,1.6,2.86,40,94.18
2012,3351,8.2,7.1,49,1.2,2.81,32,94.18
2012,3352,7.8,7.1,58,1.5,2.97,43,94.18
2012,3359,3.9,7.1,235,16.9,16.61,23000,44.94
2012,3360,4.9,7.1,182,14.2,11.61,15500,50.74
2012,3361,2.7,7.1,281,35.4,14.84,62667,33.7
2012,3362,2.5,7.1,382,37.2,11.81,87167,33.34
2012,3357,8,7,48,1.4,3.8,41,94.18
2012,3358,8.4,7.1,48,1.2,3.08,45,94.18
2012,3363,6.8,6.6,49,1.9,3.07,38,84.28
2012,3364,2.1,7,286,45.6,10.61,84500,33.7
2012,3365,4,7.1,194,22.4,10.47,45250,45.12
2012,1427,7.7,7.2,107,6.6,3.02,425,79.02
2012,3366,7.6,7.1,51,2,2.6,81,88.56
2012,3373,7.7,7.1,46,1.6,3.93,22,94.18
2012,3374,7.7,7.1,49,1.9,3.89,26,94.18
2012,2050,6.5,7.4,297,1,0.13,438,88.02
2012,2051,6.3,7.5,287,0.9,0.14,204,88.02
2012,2052,6.5,7.2,375,1.1,0.17,625,82.04
2012,2053,6.9,6.9,349,1.1,0.18,503,78.74
2012,1403,6.6,7.8,165,1.6,0.516,316,88.2
2012,1404,6.4,8,155,3.9,0.5,516,77.9
2012,1726,6.5,8,168,4.2,0.99,616,77.9
2011,1393,6.7,7.7,218,5,1.31,468,83.52
2011,2459,4.2,7.9,4909,18,7,468,67.06
2011,2460,4.6,8,23576,158.8,6.88,46,58.64
2011,2461,4.8,7.8,65700,164,3.42,468,53.02
2011,2462,6.7,8.5,235,1.8965,3.1,468,88.02
2011,2463,6.7,8.3,262,1.8965,0.516,468,88.02
2011,2464,6.8,7.8,227,1.8965,0.516,468,88.02
2011,2465,6.8,8.5,249,1.8965,0.11,468,88.02
2011,2466,4.2,8.2,2754,42,0.516,468,67.06
2011,1150,7.1,7.3,212,1.4,0.84,6,93.82
2011,1246,5,8.3,12771,4.1,1.48,30,77.36
2011,1860,6.7,8,304,1.5,0.18,3550,82.04
2011,1861,5.8,7.7,1315,2.5,0.22,6800,76.42
2011,1862,5.9,7.6,36593,3.9,0.07,3200,71.74
2011,1865,7.6,7.7,1291,10,0.34,77,78.3
2011,1148,6,7.7,18865,3.6,3.12,2450,77.36
2011,1435,4.3,8.4,605,6.5,1.68,15,72.68
2011,1149,3.7,8.2,600,4.3,1.66,20,71.74
2011,1438,4.6,7.2,729,4,0.33,2300,66.12
2011,2082,6.2,8.4,2670,1.3,0.24,468,87.66
2011,1399,6.8,6.5,43,1.1,0.42,178,78.66
2011,1475,6.6,7,59,1.1,0.27,113,88.56
2011,1400,6,6.2,106,1.5,0.28,166,71.88
2011,1476,5.9,6.6,516,1.1,0.18,169,72.14
2011,1543,7.3,6.1,87,0.9,0.33,169,71.88
2011,1548,7.3,5.9,74,1.5,0.22,163,72.06
2011,2276,6.7,6.3,127,2,0.44,149,71.88
2011,2275,6.8,6.2,226,1.6,0.18,151,71.52
2011,1546,7.1,5.9,93,1.8,0.28,131,71.88
2011,2270,7.4,6.2,76,1.3,0.41,133,71.88
2011,2272,7.3,6.2,113,1.2,0.33,137,71.88
2011,1545,7.3,5.9,100,1.3,0.27,173,71.88
2011,2274,6,5.9,273,1.8,0.31,171,71.52
2011,2271,6.1,6.5,201,2,0.43,149,78.3
2011,2273,6.2,6.3,245,1.8,0.31,135,71.52
2011,1547,7,6.5,75,0.9,0.22,166,78.66
2011,1544,7.3,6,74,1.6,0.11,181,72.06
2011,2651,7.1,7.9,108,3.3,0.42,137,83.7
2011,1461,7.1,7.7,111,4.4,0.32,468,83.7
2011,2653,7,8,129,3.5,0.49,105,83.7
2011,2654,7,8,130,3.3,0.46,93,83.7
2011,1092,5.7,7.4,2323,6.3,1.47,541,67.06
2011,2670,5.9,7.6,462,4.9,2.47,63,77.36
2011,1152,7,7.7,107,3.8,0.4,285,83.7
2011,2198,6.2,7.4,299,5.1,0.95,401,83.34
2011,2671,5.9,7.8,33259,6.8,1.61,228,72.68
2011,2672,7.2,7.9,77,3.2,0.42,282,83.7
2011,2168,3.2,7.4,28018,46,1.67,1164,55.82
2011,2676,6.8,7.8,350,2.6,1.99,72,87.66
2011,1151,6.9,7.5,133,3.2,0.55,409,83.7
2011,1462,6.9,7.5,143,3.4,0.54,307,83.7
2011,2685,6.1,6.9,609,4.2,3.1,135,79.68
2011,2686,6.8,7.4,129,3.2,0.86,133,83.7
2011,2687,6.7,7.4,130,3.2,0.75,124,83.7
2011,2688,6.6,7.4,130,5,0.74,158,83.7
2011,2689,6.7,7.5,120,3.6,0.73,226,83.7
2011,2696,7.1,7.9,139,3.2,0.45,147,83.7
2011,2199,6,7.4,13925,59.1,3.08,116,78.3
2011,2701,6.7,7.7,274,2.3,2.04,88,88.02
2011,2702,6.3,7.9,326,2.5,2.32,71,87.66
2011,2703,6.3,7.9,7392,2.4,6.41,71,87.66
2011,2704,6.3,7.7,12051,4.4,5.37,102,82.98
2011,2706,7,8.3,162,3.8,0.48,90,83.52
2011,2707,7,8.3,212,3.6,0.44,90,83.52
2011,2708,7.1,8.3,227,3.2,0.48,124,83.34
2011,2709,6.8,8.2,314,4.3,0.45,69,82.98
2011,1093,6.8,7.8,151,3.4,0.5,740,77.9
2011,1094,7,7.8,123,3.4,0.44,100,83.7
2011,2162,6.9,7.8,139,3.3,0.76,169,83.7
2011,2712,6.8,8.2,313,4,0.49,99,82.98
2011,2164,6.7,7.8,215,2.5,0.83,51,88.2
2011,2713,6.7,7.8,204,2.5,0.77,68,88.2
2011,2714,6.9,7.7,205,2.2,0.93,55,88.2
2011,1342,7.1,6.9,72,0.5,0.25,641,79.64
2011,1443,6.6,6.9,70,0.9,0.49,495,85.26
2011,2297,6.9,7.1,52,0.8,0.18,520,82.94
2011,2319,7.2,7,830,0.8,0.16,654,82.04
2011,2286,6.3,6.9,95,1.3,0.99,1325,79.46
2011,2331,7.2,7.4,164,0.9,0.46,2225,82.58
2011,2332,6.9,7.5,231,0.8,0.55,1725,82.4
2011,1154,6.5,6.9,101,1.3,0.47,1127,79.46
2011,20,7.1,7.1,64,0.6,0.4,646,82.94
2011,21,7.1,7.1,4600,0.6,0.35,538,82.04
2011,1572,7.5,7.2,52,0.6,0.15,900,82.94
2011,1573,2,6.8,265,2.4,2.3,5425,51
2011,2295,5.6,7,12769,1.2,0.41,1650,76.42
2011,1564,7.1,7,90,0.6,0.64,625,82.76
2011,2287,6.1,7,248,0.8,0.66,1150,82.4
2011,1566,6,7,94,1.1,0.13,370,88.38
2011,2293,6.5,7.5,76,0.8,0.08,585,82.76
2011,2337,1.5,6.6,192,3.6,0.92,2978,39.9
2011,2338,2,6.8,79,2.4,0.2,1275,51.36
2011,42,7.2,7.1,52,0.6,0.15,687,82.94
2011,2294,4,7.5,25964,1.1,0.76,1588,65.18
2011,1571,7.2,7.3,54,0.9,0.25,610,82.94
2011,1155,0.8,7.1,1239,11.9,1.87,11000,33.34
2011,2289,6.4,6.5,58,1.3,0.34,960,73.04
2011,2301,6.3,6.8,77,1.2,0.16,208,85.08
2011,2291,5.4,6.6,80,1.6,0.27,775,67.24
2011,2326,5.8,7.8,666,1,0.24,1650,76.42
2011,1569,6.6,7.2,12768,1.1,0.13,1412,82.04
2011,2298,7.7,7.2,44,1,0.28,148,88.56
2011,1567,7.1,7,27,0.4,0.11,218,88.56
2011,1568,7.3,7.2,59,0.6,0.19,465,88.56
2011,2285,7.8,7.1,119,0.7,0.87,1725,82.76
2011,1340,7.3,7.1,54,1.3,0.41,913,82.94
2011,1384,7,6.6,104,1.5,0.49,1000,72.86
2011,2307,6,7.2,92,0.7,0.38,1390,82.76
2011,1339,6.8,6.6,48,0.5,0.44,2025,73.04
2011,2304,5.6,7.1,20455,0.6,0.58,675,76.42
2011,43,7,7,56,1.1,0.43,1725,82.94
2011,2302,6.7,6.9,2531,0.5,0.22,465,84.36
2011,1570,6.2,7.2,15362,0.8,0.39,1303,82.04
2011,1563,7.3,7.2,62,0.8,0.95,985,82.94
2011,2284,7.6,7.2,59,0.6,0.65,1163,82.94
2011,2288,6.4,6.8,83,0.5,0.42,575,79.46
2011,1156,7,6.6,50,0.6,0.75,578,73.04
2011,1341,6.7,6.8,76,1.2,1.21,625,79.46
2011,1565,6.7,6.6,64,0.9,1.35,838,73.04
2011,17,5.6,6.9,943,1.5,0.4,1925,73.12
2011,18,7.4,7,38,0.9,0.26,1196,82.94
2011,1338,6.7,6.9,43,1,0.3,2750,79.64
2011,2333,7.1,7.3,48,1.5,0.36,1775,82.94
2011,2334,6.2,6.8,309,1.6,0.39,2725,78.74
2011,2335,5.2,6.8,61,1.8,0.33,2650,74.02
2011,2336,6.8,6.9,995,1.1,0.24,1258,78.74
2011,2300,6.8,6.9,52,0.9,0.45,198,85.26
2011,2303,6.2,6.6,44,0.7,0.21,1630,73.04
2011,2290,4.5,6.5,77,1.1,0.34,2675,61.62
2011,2299,4,7,19279,0.9,0.03,233,70.8
2011,2305,7,7.4,69,1,0.12,660,82.94
2011,2296,6.5,6.8,58,0.5,0.24,1026,79.64
2011,2292,4.6,6.9,98,0.6,0.11,348,73.84
2011,2306,6.6,7.3,12327,0.6,0.71,2210,82.04
2011,1442,7.1,7,51,1,0.78,1700,82.94
2011,1448,6.2,7.5,371,1.1,1.62,528,82.04
2011,2352,6.2,7.7,316,1.3,2.41,312,87.66
2011,1444,7.3,7.1,241,2.9,1.17,185,88.02
2011,2780,7.7,7.4,121,1.4,0.64,1255,82.76
2011,1894,6.5,7.3,64,1,2.6,420,88.56
2011,1892,6.9,7.4,57,1,1.28,409,88.56
2011,2423,7.5,8,211,1.9,0.39,6858,82.58
2011,2424,7.2,8,263,3.7,0.63,14725,66.48
2011,2425,7,7.6,111,1.6,0.67,2743,82.76
2011,2422,7.5,7.9,205,1.5,1,3542,82.58
2011,1642,7.1,7.7,283,2.3,1.73,6692,82.4
2011,1643,7.4,8,263,1.7,0.65,6617,82.4
2011,1455,8.1,8,300,2.3,0.45,4569,82.4
2011,1456,7.8,8,13103,2.1,0.59,739,82.04
2011,2426,7.4,8,207,1.5,0.53,2872,82.58
2011,2427,7.2,8,198,1.4,0.57,1850,82.58
2011,1685,6.5,8.1,729,1,0.65,468,87.66
2011,2444,3,8.1,1086,1.8965,0.1,468,70.8
2011,2442,6.9,8.2,10910,1.8965,0.02,468,87.66
2011,2443,6,8,17990,1.8965,0.07,468,87.66
2011,2445,4.8,7.7,48500,1.8965,0.34,468,76.42
2011,1450,6.3,7.6,830,1.8,0.24,2020,82.04
2011,1159,7.4,7.6,104,1.2,0.09,468,88.38
2011,1885,6.9,7.8,440,3.4,1.21,468,82.98
2011,1023,5.8,7.2,732,8.5,3.83,4838,67.06
2011,1024,5.6,7.4,1322,15.3,15,41500,55.82
2011,1295,5.4,7.3,809,10,4.2,8975,67.06
2011,1473,5.7,7.3,1103,14.3,13.75,52500,55.82
2011,1698,5.7,7.5,906,24,14.18,17625,55.82
2011,1699,3.5,7.4,1064,20,13.2,14500,44.58
2011,1700,3.2,7.6,1197,27.3,19.2,40250,44.58
2011,1701,4.7,7.3,1383,32.8,16.4,42875,50.2
2011,1702,4.8,7.4,1063,16,5.03,8025,61.44
2011,1703,5.3,7.5,1532,18.3,15.8,63500,55.82
2011,1704,5.6,7.5,1269,34.5,12.15,60000,55.82
2011,1705,5.4,7.4,1194,22,8.3,35000,55.82
2011,1025,6.1,6.8,780,14.7,0.516,468,75
2011,1026,6.1,6.8,773,14.7,0.516,468,75
2011,1887,6,7,820,15.3,0.516,468,78.3
2011,1718,4.8,7.9,650,3.2,0.68,62,71.74
2011,1719,5,7.3,390,2.8,0.14,20,82.04
2011,1871,8.3,7.6,334,1,0.49,16,93.28
2011,2624,8.2,7.7,316,1.2,0.48,20,93.28
2011,1884,3.1,7.8,1261,195.4,4.78,468,47.4
2011,2625,8.3,7.6,304,1.2,0.51,20,93.28
2011,1870,5.5,7.6,743,7.6,1.02,166,72.68
2011,2948,5.1,7.8,657,1.7,0.26,23,87.66
2011,2947,5.3,7.8,623,1.7,0.516,468,82.04
2011,2869,8.7,7.1,252,4.9,0.516,10,88.96
2011,2875,5.1,7.2,17,1,0.516,10,88.56
2011,2868,10,7.4,157,0.6,0.516,5,99.44
2011,1424,5.9,7,164,1.6,0.516,74,82.58
2011,1457,6.1,7.3,141,1.4,0.516,63,88.38
2011,1627,5.6,7.1,427,1.4,0.516,175,82.04
2011,1628,4.7,7,527,1.9,0.516,42,82.04
2011,2861,5.5,8.6,116,4.5,0.516,113,74.78
2011,2862,6.8,6.8,160,1.5,0.516,23,90.52
2011,2864,7,7.4,47,1,0.516,5,99.8
2011,2874,7.3,7.8,116,1.2,0.516,10,94
2011,1458,5.5,7.3,179,1.2,0.516,75,82.58
2011,1624,4.7,7.4,220,1.6,0.516,140,76.96
2011,2863,4.9,7,180,1.2,0.516,10,82.58
2011,2873,5.8,7.8,367,6.2,0.516,95,72.68
2011,1925,5.8,7.4,249,1,0.516,37,88.02
2011,2877,6.2,6.9,182,2.1,0.516,8,90.52
2011,1926,5.5,7.7,356,1.2,0.516,202,82.04
2011,2878,5.1,6.9,190,2.3,0.516,33,84.9
2011,2867,5.2,7.1,164,2.8,0.516,20,88.2
2011,2852,4.6,7,188,2.8,0.516,18,82.58
2011,2879,5.6,6.6,165,1.9,0.516,23,78.3
2011,1625,1.9,6.8,484,15.3,0.516,1075,41.28
2011,1626,2.5,7.1,424,16.7,0.516,682,44.58
2011,2858,5.5,6.9,118,2.8,0.516,10,85.08
2011,2859,6,7,100,4.2,0.516,10,89.32
2011,2860,4.9,6.9,93,3.6,0.516,25,74.78
2011,2880,4.8,7,167.1,2.8,0.516,468,76.96
2011,1927,5.4,7.2,211,1.1,0.516,78,82.58
2011,2853,6,7.5,231,1.1,0.516,10,93.64
2011,2854,5.6,7.1,319,4.4,0.516,15,82.98
2011,2856,5.7,6.9,261,2.3,0.516,53,79.1
2011,2870,9.9,7.1,163,1,0.516,35,93.82
2011,2872,6.1,7.6,163,4.5,0.516,25,89.14
2011,2855,5.1,6.9,170,2.5,0.516,10,84.9
2011,2876,3.8,7,192,3,0.516,23,76.96
2011,1632,7.8,7.2,139,1.9,0.56,359,88.38
2011,1428,6.5,3.1,489,6.1,0.52,47,67.42
2011,1631,7.3,7,162,2.2,0.69,2633,82.58
2011,1633,7.8,7.1,136,1.9,0.52,409,88.38
2011,1427,7.7,7.1,205,7,0.84,461,78.84
2011,2050,8.1,7.1,267,1,0.11,12,93.64
2011,2051,8,7,278,1.1,0.11,18,93.64
2011,2052,6.9,7.2,268,1.1,0.11,37,93.64
2011,2053,6.8,7.1,286,1.3,0.11,29,93.64
2011,1403,6.6,7.8,149,1.8,0.516,340,88.38
2011,1404,6.3,8,164,3.4,0.3,528,77.9
2011,1726,6.6,7.9,196,4.4,0.8,648,77.9
2010,2459,5.6,7.5,15608,25,18.73,5,83.92
2010,2460,3.7,7.5,39503,13.5,25.71,468,60.88
2010,2461,4.7,7.6,46170,21.5,19.69,468,67.06
2010,2462,5.8,7.8,378,1.8965,2.61,468,82.04
2010,2463,6.6,7.7,489,1.8965,2.66,350,87.66
2010,2464,6.6,7.4,492,1.8965,3.6,468,87.66
2010,2465,6.2,7.8,359,1.8965,3.67,468,87.66
2010,2466,5.8,7.7,8757,1.8965,10.45,4,93.28
2010,1860,5.1,8.1,533,3.7,0.45,7500,71.74
2010,1861,7.1,8,555,2,0.35,15000,70.8
2010,1862,6.8,8.2,26600,3.1,0.62,23000,66.12
2010,1865,8.1,7.6,938,8.6,0.4,108,78.3
2010,1148,6.2,7.8,7778,2.7,0.26,6581,82.04
2010,1434,6.7,7.2,1440,46,0.2,330,78.3
2010,1438,3.2,7.7,885,6.3,0.51,9575,55.82
2010,1399,6.6,6.5,58,1.8,0.87,53,78.66
2010,1475,6.6,6.6,145,1.5,0.65,98,78.48
2010,1400,6.3,6.6,55,1.8,0.36,140,78.66
2010,1476,6.4,6.4,188,2,0.44,153,71.7
2010,1543,6.9,6.2,61,1.7,1.07,117,72.06
2010,1548,7.2,6.1,62,2.6,0.92,123,72.06
2010,2276,6.9,6.6,154,1.9,0.83,173,78.3
2010,2275,7,6.3,742,1.6,0.42,139,71.16
2010,1546,7.6,6.2,62,1.1,0.38,160,72.06
2010,2270,7.1,6.2,69,1.4,0.56,141,72.06
2010,2272,6.8,6,93,1.9,0.75,136,71.88
2010,1545,7.1,6.2,89,1.4,0.68,119,71.88
2010,2274,6.3,6.2,110,1.5,0.59,157,71.88
2010,2271,6.2,7,77,1.8,0.46,173,88.38
2010,2273,6.2,6.8,67,1.7,0.61,145,85.26
2010,1547,6.9,6.5,62,1.4,0.6,107,78.66
2010,1544,6.7,6.2,62,0.9,0.57,187,72.06
2010,2651,6.8,7.9,119,3.5,0.58,517,78.08
2010,1461,7,7.7,88,3.2,0.13,17,89.32
2010,2653,6.9,7.3,70,3.4,0.19,468,83.88
2010,2654,7.4,7.2,77,3,0.23,468,88.38
2010,1092,7,7.4,3113,4,2.16,350,82.98
2010,2670,5.5,8.1,363,8.4,2.15,69,72.68
2010,1152,6.9,7.5,86,3.6,0.4,582,78.08
2010,2198,6.4,7.4,621,37.8,1.79,728,72.68
2010,2671,5.2,7.9,42354,9.5,1.1,253,72.68
2010,2672,6.9,7.4,73,3.5,0.27,659,78.26
2010,2168,3.4,7.4,17842,31.5,3.32,1767,55.82
2010,2676,7.4,8.1,254,2.2,0.15,75,88.02
2010,1151,6.7,7.4,125,3.7,0.4,820,78.08
2010,1462,6.6,7.5,129,3.9,0.4,381,83.7
2010,2685,6.1,7.3,515,5.1,2.02,212,82.98
2010,2686,6.6,7.4,122,3.6,0.46,361,83.7
2010,2687,6.5,7.3,131,3.8,0.79,261,83.7
2010,2688,6.7,7.3,130,3.4,0.57,318,83.7
2010,2689,6.6,7.4,95,3.7,0.53,217,83.7
2010,2696,6.8,7.7,143,3.6,0.43,109,83.7
2010,2199,6.3,7.5,10825,2.9,1.93,101,87.66
2010,2701,7.1,7.4,185,2.2,0.63,80,88.2
2010,2702,6.7,7.5,1439,2.5,1.47,113,87.66
2010,2703,6.6,7.5,185,2.4,0.3,113,88.2
2010,2704,6.7,7.8,3521,2.4,1.02,90,87.66
2010,2706,7.1,7.7,193,3.1,0.53,92,83.52
2010,2707,7.1,7.9,175,3.1,0.47,86,83.52
2010,2708,7.1,7.8,174,3.3,0.44,83,83.52
2010,2709,7.2,7.5,308,4,0.15,468,82.98
2010,1093,6.4,7.7,153,3.6,0.77,592,77.9
2010,1094,7,7.7,111,3.4,0.42,359,83.7
2010,2162,6.6,7.6,209,3.4,0.68,243,83.52
2010,2712,7.5,8.2,296,3.5,0.14,468,83.34
2010,2164,6.9,7.5,119,2.2,0.42,71,88.38
2010,2713,6.8,7.7,116,2.3,1.33,74,88.38
2010,2714,7,7.7,118,2.1,0.5,64,88.38
2010,17,5.2,6.6,453,1.5,0.38,4613,66.52
2010,18,7.2,6.8,35,1.1,0.24,3483,79.64
2010,20,7,7.1,62,0.5,0.44,617,82.94
2010,21,7,7.1,5228,0.6,0.34,455,87.66
2010,42,7.2,7,51,0.6,0.26,522,82.94
2010,43,6.7,6.9,62,1.2,0.46,2193,79.64
2010,1154,6.5,6.5,118,1.1,0.52,3080,72.86
2010,1155,0.6,7,1787,14.1,1.49,17500,33.34
2010,1156,6.6,6.8,49,0.9,0.56,913,79.64
2010,1207,6.8,7.3,67,0.6,0.4,935,82.94
2010,1208,7.3,7.4,104,0.6,0.44,430,88.38
2010,1338,6.5,6.7,39,1.2,0.26,4823,76.34
2010,1339,7.2,6.5,45,0.9,0.46,1825,73.04
2010,1340,7.4,6.9,65,0.9,0.56,1455,79.64
2010,1341,6.5,6.5,60,1,1.62,900,73.04
2010,1342,6.6,6.9,57,0.9,0.37,650,79.64
2010,1384,7.1,7,84,1,0.66,1485,82.76
2010,1442,7.5,6.8,56,1.3,0.6,540,79.64
2010,1443,5.4,6.7,100,0.9,0.42,810,70.54
2010,1563,7,6.9,66,0.7,0.45,900,79.64
2010,1564,7.1,6.9,75,0.6,0.73,583,79.64
2010,1565,6.5,6.7,70,0.9,1.25,800,76.34
2010,1566,6.7,6.6,102,0.8,0.12,900,72.86
2010,1567,7.1,6.8,27,0.6,0.22,198,85.26
2010,1568,6.9,7.1,46,0.5,0.33,373,88.56
2010,1569,6.7,6.8,8291,1,0.53,250,84.36
2010,1570,6.2,7,12342,1.4,0.27,1600,82.04
2010,1571,7.5,7.3,53,0.8,0.31,2225,82.94
2010,1572,7.6,7.3,62,1,0.63,2180,82.94
2010,1573,2.2,6.4,625,2.3,1.29,6505,37.44
2010,2284,7.4,6.7,55,0.7,0.51,1088,76.34
2010,2285,7,6.8,103,0.7,0.43,640,79.46
2010,2286,5.3,6.9,109,1.3,0.66,685,73.84
2010,2287,6.3,7,1392,0.7,0.85,535,82.04
2010,2288,6.7,7,71,0.5,0.29,433,88.56
2010,2289,6,6.4,57,1.4,0.61,303,72.06
2010,2290,4.2,6.6,93,1.7,0.56,385,67.24
2010,2291,5.1,6.7,88,1.9,0.63,713,70.54
2010,2292,5.3,6.4,4912,1.1,0.11,788,59.92
2010,2293,6.9,7,84,0.9,0.08,803,82.76
2010,2294,2.8,7.4,18256,1.6,0.47,2300,53.94
2010,2295,5.3,7.2,9753,0.9,0.26,2650,76.42
2010,2296,6.5,5.8,67,0.4,0.54,520,66.44
2010,2297,6.9,6.1,86,0.6,0.49,183,71.88
2010,2298,7,6.6,59,0.8,0.42,418,78.66
2010,2299,5.6,6.4,7904,1,0.4,278,65.54
2010,2300,6.8,6,55,0.5,0.25,910,66.44
2010,2301,6,5.9,105,1,0.63,195,71.88
2010,2302,6.3,7,2759,1.4,0.22,1400,82.04
2010,1448,6.5,7.6,312,1.1,2.41,354,87.66
2010,2352,6.4,7.7,203,1.1,3.34,357,88.2
2010,1444,7.3,7.3,308,4.2,2.43,185,82.98
2010,1456,6.8,7.8,23761,1.9,0.67,460,87.66
2010,1642,7.5,8.1,228,2.1,0.4,5850,82.4
2010,1643,7.7,8.1,243,1.6,0.71,4450,82.4
2010,2422,7.6,7.9,191,1.4,0.13,1985,82.58
2010,2423,7.5,7.9,237,1.8,0.45,2425,82.4
2010,2424,7.4,7.7,865,1.9,0.3,2675,82.04
2010,2425,6.7,6.9,132,1.2,0.32,1823,79.46
2010,2426,7.1,7.9,211,1.4,0.48,2098,82.58
2010,2427,6.7,7.9,182,1.1,0.24,1510,82.58
2010,2442,7.4,8.8,434,2,0.05,468,81.06
2010,2443,6.4,8.3,565,2,0.05,468,87.66
2010,2444,6.9,8.8,238,4,0.05,468,76.74
2010,2445,6.3,6.6,425,1.8965,0.516,468,77.76
2010,1159,7.4,7,75,1.6,0.05,118,88.56
2010,1160,7.2,6.8,70,1.8,0.09,148,85.26
2010,1161,6.6,7,119,2.5,0.33,374,88.38
2010,1162,6.9,7,236,1.9,0.25,157,88.02
2010,1328,7,6.9,73,1.7,0.4,144,85.26
2010,1329,7.2,6.9,75,1.5,0.2,128,85.26
2010,1330,6.9,7.2,385,2.3,0.13,196,87.66
2010,1450,6.4,7.6,860,3.3,0.4,379,82.98
2010,3026,7.6,6.6,166,2,1.8,140,78.3
2010,3027,6.9,7.2,308,1.9,0.49,170,87.66
2010,3028,6.8,6.7,247,2.1,1.84,500,81.42
2010,3029,6.6,6.9,359,2.3,0.59,280,84.36
2010,1025,6.5,7.6,450,18,12,468,78.3
2010,1026,6.1,7.8,825,16,14,468,78.3
2010,1885,6.5,8.4,240,2.7,0.62,468,88.02
2010,1887,6.9,7.8,480,18,16,468,78.3
2010,1023,5.6,6.7,807,10.8,2,7500,60.46
2010,1024,4.9,6.8,1097,26.5,4.8,46250,46.9
2010,1295,4.9,6.6,834,13.1,2.6,9500,51.54
2010,1473,5.2,6.7,1027,28,5.9,57500,49.22
2010,1718,3.3,7.9,897,1.3,0.97,12,76.42
2010,1719,4.9,8,510,1.2,0.35,8,82.04
2010,1703,5,6.9,1172,25.5,3.8,48750,46.9
2010,1884,4.8,7.8,599,534.5,3.75,5000,47.4
2010,1698,4.7,6.7,906,25.3,7.7,47500,43.6
2010,1699,5.4,6.8,883,15.4,5.1,21750,52.52
2010,1700,5.1,7.6,1069,26.5,6.6,49250,55.82
2010,1701,4.2,7.6,1168,31.8,7.6,46500,50.2
2010,1702,4.8,6.6,905,15,3.3,10500,40.3
2010,1704,4.5,6.6,1269,30.3,4.1,42750,40.3
2010,1705,4.7,6.7,1216,26.8,3.7,31500,43.6
2010,1717,5.2,7.3,465,0.9,0.59,9,87.66
2010,2624,7.8,8.2,410,1.2,0.1,32,93.28
2010,2625,6.7,8.12,396,1.53,0.15,29,93.28
2010,1871,8,8.1,403,0.8,0.1,25,93.28
2010,1424,4.88,7.94,149,2.65,0.516,165,77.14
2010,1457,5.67,7.02,153,1.67,0.516,22,88.2
2010,1458,6,6.9,300,2.23,0.516,91,84.72
2010,1624,6.15,7.45,234,2,0.516,222,88.02
2010,1625,2.7,7.35,357,8.45,0.516,636,44.58
2010,1626,2.98,7.52,422,5.53,0.516,531,49.26
2010,1627,5.48,7.42,180,2.08,0.516,136,82.58
2010,1628,5.13,7.46,162,2.23,0.516,211,82.58
2010,1427,7.85,7.13,254,6.68,3.35,488,78.66
2010,1428,6.58,6.5,655,5.93,4,60,73.08
2010,1631,7.58,7.03,191,2.08,2.65,2900,82.58
2010,1632,8.23,7.05,137,1.4,3.2,323,88.38
2010,1633,8.23,7.38,143,1.55,3.55,360,88.38
2010,2050,6.6,7.3,210,1.3,0.516,242,88.2
2010,2051,6.8,7.2,220,1.5,0.516,97,88.2
2010,2052,6.8,7,317,1.5,0.516,45,93.28
2010,2053,6.4,6.7,323,1.4,0.516,205,81.06
2010,1403,6.5,7.7,146,1.6,0.516,390,88.38
2010,1404,6.2,7.7,176,3.5,0.2,592,77.9
2010,1726,6.3,8,198,4.2,0.3,686,77.9
2009,1150,7.3,7.4,332,0.7,0.3,12,93.28
2009,1246,6.5,7.5,21417,16.4,0.4,37,83.92
2009,2459,6.1,7.3,11855,12.5,18.6,902,72.68
2009,2460,6.3,7.4,24506,136,16.9,698,58.64
2009,2461,5.9,7.5,25343,56.5,7.7,1800,67.06
2009,2462,6.6,7.8,371,1.8965,4.1,1800,82.04
2009,2463,6.2,7.4,368,8,3.2,1075,72.68
2009,2464,6.7,7.7,354,4,2.6,947,77.36
2009,2465,6.8,8,374,21,1.5,1800,72.68
2009,2466,5.9,7.4,7173,12,58.1,607,65.94
2009,1393,7.3,7.4,332,0.7,0.3,12,93.28
2009,1860,5.7,8,601,7.4,0.5,28666,55.82
2009,1861,4.7,8.3,753,3.7,0.5,21333,54.88
2009,1862,5.8,7.8,16177,3,0.5,25000,65.18
2009,1865,2.5,7.5,1108,6,0.6,85,54.88
2009,1148,6.1,8.1,14921,3.2,0.3,23625,66.12
2009,1434,0.6,7.1,3115,36.5,1.7,15425,33.34
2009,1436,3.2,7.8,5073,5.8,0.2,1366,60.5
2009,1438,4.2,8.2,901,6.7,0.4,21500,50.2
2009,2072,2.9,8.3,11405,5.6,0.1,148,54.88
2009,2082,5,7.7,47156,3.1,0.1,114,71.74
2009,1399,7.2,6.3,14100,1.6,0.41,17,76.78
2009,1400,5.5,7.8,401,1.3,0.21,5,93.28
2009,1475,6.2,6.9,11000,1.3,0.48,17,89.98
2009,1476,6.5,6.8,30190,2.3,0.04,8,89.98
2009,1543,8.1,7.7,7400,2.6,0.1,130,87.66
2009,1544,7.8,6.4,609,2.3,0.08,70,71.16
2009,1545,7.8,6.4,90,2,0.516,17,77.5
2009,1546,7.2,6.5,8240,1.6,0.25,46,83.38
2009,1547,4.2,7.6,5543,0.7,0.18,8,82.04
2009,1548,6.5,6.4,505,1.6,0.13,13,76.78
2009,2270,7.4,6.9,3844,2,0.15,10,89.98
2009,2271,5.4,7,7692,1.7,0.92,48,87.66
2009,2272,6.6,7.2,692,1.9,0.34,175,87.66
2009,2273,5.1,7.5,183,2.3,0.38,1754,76.96
2009,2274,7.3,6.8,20640,2.5,0.42,162,84.36
2009,2275,7.2,6.9,5350,2.2,0.28,206,84.36
2009,2276,7,6.8,4800,3,0.32,126,84.36
2009,1092,5.5,7.7,8092,7.6,0.72,800,67.06
2009,1093,6.9,7.6,136,3.8,0.26,309,83.7
2009,1094,6.9,7.7,120,3.9,0.37,280,83.7
2009,1461,6.7,8,111,3.6,0.31,143,83.7
2009,1462,6.9,7.3,229,3.8,0.68,257,83.34
2009,2162,6.8,7.5,171,3.8,0.34,199,83.52
2009,2164,6.9,7.3,183,2.2,1.25,56,88.2
2009,2168,3.3,7.6,29464,19.4,1.78,1536,55.82
2009,2198,5.4,7.2,925,11.7,0.78,512,67.06
2009,2199,6.2,7.2,13848,2.5,4.11,127,87.66
2009,1151,7,7.4,225,3.8,0.26,375,83.52
2009,1152,6.6,8.1,102,3.9,0.26,345,83.7
2009,17,8.1,6.3,1414,1.1,0.31,690,65.54
2009,18,6.9,6.8,41,0.8,0.22,1487,79.64
2009,20,6.9,6.9,78,0.5,0.23,703,79.46
2009,21,6.7,6.9,5507,0.6,0.28,715,78.74
2009,42,7.3,7,49,0.7,0.66,445,88.56
2009,43,6.7,6.7,67,1.3,0.4,1025,76.34
2009,1154,6.5,6.6,109,1.2,0.37,679,72.86
2009,1155,0.7,6.6,4235,12.5,1.48,59417,23.44
2009,1156,6.9,6.5,108,1,0.42,1083,72.86
2009,1338,6.4,6.6,48,1,0.25,603,73.04
2009,1339,7.2,6.7,109,0.8,0.44,1400,76.16
2009,1340,6.8,7.1,61,1.5,0.5,485,88.56
2009,1341,6.1,6.7,244,0.9,0.33,1113,75.8
2009,1342,6.8,7,62,0.6,0.93,434,88.56
2009,1384,7.1,7,59,0.8,0.71,890,82.94
2009,1442,7.4,6.6,64,0.7,0.29,1425,73.04
2009,1443,6.4,7,79,0.8,0.73,493,88.38
2009,1563,7.2,6.7,73,0.9,0.28,2150,76.34
2009,1564,6.2,7,83,0.6,0.93,505,82.76
2009,1565,6.1,6.7,55,1.4,0.55,1450,76.34
2009,1566,6.6,6.5,79,0.8,0.13,650,72.86
2009,1567,6.9,6.7,198,0.3,0.2,180,81.6
2009,1568,7.3,6.5,44,0.5,0.21,400,78.66
2009,1569,6.2,6.6,15738,1,0.93,360,77.76
2009,1570,5.2,7.1,18459,1,0.13,918,76.42
2009,1571,7.4,7,45,1.1,0.11,1933,82.94
2009,1572,7.6,6.7,52,1.1,0.11,963,76.34
2009,1573,2.9,6.3,841,2,1.07,913,37.44
2009,2284,6.6,6.7,72,0.7,0.32,1655,76.34
2009,2285,6.4,6.7,122,0.7,0.34,1630,76.16
2009,2286,5.4,6.6,102,0.9,0.26,1913,67.24
2009,2287,6.2,7,5656,0.9,1.05,289,87.66
2009,2288,6.9,7.1,71,0.5,0.26,246,88.56
2009,2289,6.7,6.5,55,0.9,0.6,500,78.66
2009,2290,5.7,6.7,127,1.9,0.35,473,76.16
2009,2291,6,6.9,77,1.8,0.61,500,85.08
2009,2292,5.2,6.1,4968,1.1,0.14,820,59.92
2009,2293,7.4,6.4,78,1.2,0.12,720,66.26
2009,2294,3.5,7.3,20430,1.3,0.62,1290,65.18
2009,2295,6,7.1,13257,1.1,0.14,1465,82.04
2009,2296,6.4,6.1,62,0.7,0.28,425,72.06
2009,2297,6.6,6.3,59,1,0.16,385,72.06
2009,2298,7.1,6.4,59,0.9,0.13,275,72.06
2009,2299,6.4,7.1,7035,0.8,0.19,195,87.66
2009,2300,7.3,6.2,51,0.9,0.21,340,72.06
2009,2301,6.8,6.5,80,0.8,0.26,100,78.48
2009,2302,6.4,6.7,3131,2.2,0.12,1055,75.44
2009,2303,5.8,6.5,59,1.5,0.13,2788,67.42
2009,2304,5.2,7.2,19885,1.2,0.18,2275,76.42
2009,2305,7.7,6.8,67,0.9,0.08,2257,79.64
2009,2306,5.7,7.2,19085,1.4,0.09,2785,76.42
2009,2307,6.7,6.3,177,1.2,0.2,2807,66.08
2009,2319,6.4,6.4,4165,1.2,0.13,303,71.16
2009,2326,6.2,7.6,498,0.4,0.28,1400,82.04
2009,2331,6.8,7.5,119,0.4,0.18,918,82.76
2009,2332,7.1,7.6,161,0.5,0.19,1675,82.58
2009,2333,5.9,6.7,70,1.7,0.5,428,76.34
2009,2334,5.8,6.5,864,1.5,0.37,876,66.52
2009,2335,4.7,6.6,69,1.8,0.26,1083,61.8
2009,2336,6.5,6.6,1204,1.2,0.24,689,72.14
2009,2337,1.4,6.2,129,2.2,0.48,882,38.16
2009,2338,1.5,6.3,73,1.5,0.12,1225,38.34
2009,1448,7,7.5,226,1.1,2.3,83,88.02
2009,1455,7.7,8.1,330,1.9,0.9,3025,82.04
2009,1456,7.5,7.9,20786,1.3,0.6,868,82.04
2009,1642,7.2,8.2,315,1.7,1.7,4275,82.04
2009,1643,7.6,8.1,301,1.5,0.5,4175,82.04
2009,2422,7.3,8,225,1.3,0.5,2175,82.58
2009,2423,7.4,8,238,1.9,0.2,5975,82.4
2009,2424,7.2,7.7,835,2,0.7,2750,82.04
2009,2425,7.2,7.8,169,1.3,0.4,690,82.58
2009,2426,7,8.1,240,1,0.4,1525,82.4
2009,2427,7.4,8.1,153,1.7,0.5,1105,82.58
2009,2442,7.7,7.8,220,4,11,468,83.52
2009,2443,7.1,7.6,406,3,15.8,468,87.66
2009,2444,6.8,7.4,309,7,15.3,468,78.3
2009,2445,5.1,8.4,4120,3,108.7,468,80.36
2009,1685,7.6,7.9,446,2.6,1.4,468,87.66
2009,1159,7.4,6.8,337,1.3,0.1,208,84.36
2009,1160,7.5,6.7,180,1.3,0.1,176,81.6
2009,1161,6.9,6.8,127,2.4,0.1,357,85.08
2009,1162,7,7,305,1.5,0.1,191,87.66
2009,1328,7.2,6.7,323,1.6,0.1,167,81.06
2009,1329,7.4,6.7,364,1.6,0.1,150,81.06
2009,1330,7.5,7.2,473,2.1,0.1,338,87.66
2009,1450,6.7,7.4,544,2,0.3,253,87.66
2009,1444,7,7.2,286,9.5,0.9,189,78.66
2009,1892,6.4,7,307,1,0.516,507,82.04
2009,1894,6.6,7.1,250,1.5,0.516,544,82.4
2009,2352,6.5,7.9,566,0.9,3.8,32,93.28
2009,1023,6,7.3,755,6,2.1,4950,77.36
2009,1024,4.9,7.4,892,14,4.4,75000,50.2
2009,1025,6.4,7.1,1085,8.5,8.1,468,78.3
2009,1026,5.6,8.1,905,11.5,7.1,468,72.68
2009,1295,5,6.7,813,7.5,2.2,9000,54.84
2009,1473,5.6,7.3,964,14,4.2,70000,55.82
2009,1698,5.7,7.4,968,9.5,3.1,25500,55.82
2009,1699,5.3,7.4,779,10,3.1,52500,55.82
2009,1700,4.8,7.4,825,19,4.6,75000,50.2
2009,1701,2.9,7.3,1035,13,3.9,27500,33.34
2009,1702,4.5,7.2,885,10.5,3.3,12000,50.2
2009,1703,4.8,7.5,896,10,4.1,70000,50.2
2009,1704,3.1,7.6,1130,11.5,4.1,75000,44.58
2009,1705,3.1,7.6,1000,10,3.7,62500,44.58
2009,1884,1.9,8.4,2187,354,5.4,468,36.16
2009,1885,7,7.8,350,2.5,0.516,468,87.66
2009,1887,7.2,6.2,930,8,1.5,468,61.8
2009,1870,5.475,7.82,721.5,6.9,1.26,249,72.68
2009,1717,4.8,7.3,260,0.8,1.1,7,82.4
2009,1424,7.6,7.5,307,1.5,0.516,153,87.66
2009,1457,8.4,7.4,106,1.4,0.516,36,94
2009,1458,9,7.8,221,1.3,0.516,77,88.2
2009,1624,8.7,7.4,318,1.5,0.516,132,87.66
2009,1625,1.9,7.3,537,9.9,0.516,525,44.58
2009,1626,7.7,7.3,550,10.4,0.516,603,72.68
2009,1627,7.9,7.6,185,1.3,0.516,115,88.2
2009,1628,8,7.6,202,2.5,0.516,85,88.2
2009,1925,7.4,7.6,214,1.8,0.516,148,88.2
2009,1926,8.3,7.7,185,2,0.516,75,88.2
2009,1427,9.6,7.1,225,4.4,3,460,83.52
2009,1428,8.8,7.2,131,0.9,0.516,205,88.38
2009,2050,7.4,7.8,272,0.9,0.516,295,88.02
2009,2051,7.5,7.8,327,1.2,0.516,56,87.66
2009,2052,8.1,7.8,365,1.3,0.516,33,93.28
2009,2053,7.9,7.5,350,1.8,0.516,90,87.66
2009,1403,6.6,7.7,143,1.3,0,322,88.38
2009,1404,6.3,7.6,164,2.8,0.1,577,82.58
2009,1726,5.7,7.8,170,3.4,0.2,608,72.28
2009,1631,6.4,7.025,187.63,3.175,2.675,2925,77.9
2009,1633,8.35,7.125,110.75,1.525,3.075,355,88.38
2009,1632,8.45,6.95,104.25,1.2,2.6,312.5,71.88
2008,1393,6.7,7.6,281,1.8965,2.13,468,88.02
2008,1150,7.2,7.8,262,0.28,0.15,50,93.64
2008,1246,4.9,7.4,10362,9.7,0.64,29,72.68
2008,1860,5.1,7.8,530,2.73,0.6,137000,65.18
2008,1861,6,8.2,612,2.28,0.4,68650,70.8
2008,1862,6.1,8.1,8782,1.9,0.43,38667,70.8
2008,1865,1.1,7.8,1076,7.67,0.63,77,50.2
2008,1148,6.8,8,3431,2.8,0.3,49061,70.8
2008,1149,4.5,7.6,1161,7.43,0.53,259,67.06
2008,1435,6,7.3,8838,5.58,0.7,31,88.6
2008,1434,0,7.1,3080,46,4.8,9000,44.58
2008,1438,2.8,7.9,663,5.93,0.97,358000,38.02
2008,1436,5.6,8,1265,2.13,0.1,1693,76.42
2008,2072,4.1,7.9,4491,16.5,0.1,116,67.06
2008,2082,6.3,7.9,43983,1.83,1.22,188,87.66
2008,1399,6.6,7.8,37,2.25,0.01,13,94.18
2008,1475,6.8,7.1,11,1.65,0.07,33,94.18
2008,1476,6.5,7.5,28,4.55,0.05,44,89.5
2008,1400,7.1,8,49,1.25,0.02,7,94.18
2008,1543,7.6,7.3,93,0.95,0.03,350,88.38
2008,1544,7.4,7,67,2.45,0.13,809,82.94
2008,1545,7,7.3,89,1.5,0.02,42,94
2008,2270,5.4,7.3,75,1.8,0.06,2400,77.32
2008,1546,6.7,7.2,95,1.4,0.1,22,94
2008,1547,6.8,6.9,58,1.9,0.03,53,85.26
2008,1548,5.6,6.8,67,1.9,0.06,137,79.64
2008,2271,5.2,7.2,29,1.65,0.04,144,82.94
2008,2272,6.2,7.1,146,2.1,0.09,2400,82.76
2008,2274,3.6,7,29,2,0.09,170,71.7
2008,2275,6.8,7.2,1370,2.6,0.08,110,87.66
2008,2276,8.1,7.1,335,3.2,0.21,5400,77.36
2008,1093,6.3,7.6,119,3.67,0.37,781,78.08
2008,1094,6.4,7.6,109,3.4,0.42,316,83.7
2008,2162,5.9,7.2,119,4.04,0.65,223,78.08
2008,1461,5.3,7.7,109,3.25,0.38,296,78.08
2008,1092,6,7.8,301,5.43,0.3,1050,77.36
2008,1462,6.6,7.2,131,4.5,0.83,737,78.08
2008,1151,6.8,7.2,110,3.9,0.49,1036,78.08
2008,1152,6.7,7.6,109,4.13,0.28,624,78.08
2008,2198,5.2,7,478,16.3,0.35,1008,67.06
2008,2164,6.9,6.6,291,1.96,1.4,104,78.12
2008,2168,0.7,7.3,12697,45.6,1.32,1259,44.58
2008,2199,6.8,6.6,6232,2.13,2.72,106,77.76
2008,17,6.2,6.5,1638,1.5,0.8,816,72.14
2008,18,7.3,6.6,36,0.6,0.41,1056,73.04
2008,1338,6.4,6.7,41,1,0.75,1179,76.34
2008,2335,5.1,6.8,52,1.6,0.22,1680,74.02
2008,2334,6.8,6.7,183,1.3,0.28,1748,75.98
2008,2333,6.3,6.3,115,0.9,0.5,2865,66.26
2008,2336,7.2,6.7,455,1.1,0.28,753,75.44
2008,20,6.8,6.9,80,0.4,0.52,508,79.46
2008,21,6.8,7,4515,0.4,1.53,427,87.66
2008,42,7.7,7.2,47,1,2,452,88.56
2008,43,7.1,6.8,57,1.5,1.12,681,79.64
2008,1154,6.6,6.3,148,1.2,0.93,935,66.26
2008,1155,1.8,6.8,2012,5.5,1.8,31167,34.72
2008,1156,6.7,6.2,40,0.6,1,1100,66.44
2008,1341,5.8,6.3,65,1.1,2.97,1200,60.82
2008,1565,5.1,6.3,50,1,3.1,1600,60.82
2008,1339,6.6,6.2,42,0.6,1.97,925,66.44
2008,1340,6.6,6.4,43,0.7,3.13,975,66.44
2008,1384,6.7,6.4,50,0.5,3.6,1175,66.44
2008,1342,6.6,6.3,46,0.6,1.07,1010,66.44
2008,1443,5.9,6.4,54,0.7,3.53,985,60.82
2008,1442,7.6,6.7,55,0.7,4.17,1575,76.34
2008,1563,6.5,6.7,72,0.8,2.83,775,76.34
2008,1564,7.3,7.4,71,0.7,4.1,940,82.94
2008,1566,6.3,6.7,79,0.7,2.03,702,76.16
2008,1567,6.9,6.6,33,0.4,1.4,28,84.28
2008,1568,6.8,6.7,46,0.4,1.47,150,81.96
2008,1569,5.9,7.1,6666,0.7,4.13,393,82.04
2008,1570,6.4,7.1,17771,1,5.2,1865,82.04
2008,1571,7.3,6.7,62,0.9,2.8,920,76.34
2008,1572,7.6,6.6,61,0.5,3.4,503,73.04
2008,1573,2.4,6.7,221,2.1,3.97,660,47.88
2008,2284,7.1,6.8,89,1.2,0.4,1600,79.46
2008,2285,6.4,6.7,110,0.5,0.2,3200,76.16
2008,2286,3.5,6.9,105,0.7,0.15,800,62.6
2008,2287,7.4,7.3,155,0.8,1.2,920,82.58
2008,2288,6.8,6.9,77,0.9,1.8,470,85.08
2008,2289,5.5,6.5,75,1.9,0.1,2100,67.42
2008,2290,5.4,6.5,102,4,0.1,680,62.56
2008,2291,4.8,6.8,90,1.1,0.1,1090,68.22
2008,2292,5.8,6.3,87,0.7,0.1,1500,60.64
2008,2293,7.3,6.6,57,0.4,0.25,883,73.04
2008,2294,5.8,7.5,18291,0.8,0.25,1000,76.42
2008,2295,6.2,6.7,2497,0.5,0.15,1100,75.44
2008,2296,7.3,6.1,45,0.7,0.2,1050,66.44
2008,2297,7.6,6.3,39,0.5,0.2,2588,66.44
2008,2298,7.7,6.6,31,0.3,0.15,1300,73.04
2008,2299,5.4,5.9,595,0.8,0.1,1375,59.92
2008,2300,7.4,6.1,30,0.9,0.3,1050,66.44
2008,2301,6.6,5.9,37,0.7,0.1,1725,66.44
2008,2302,6.5,6.5,1135,0.7,0.25,1850,72.14
2008,2303,7.2,5.9,39,0.8,0.55,1500,66.44
2008,2304,6.3,6.5,925,1.1,0.3,1550,72.14
2008,2305,7.6,6.6,50,0.6,0.25,3000,73.04
2008,2306,7.3,6.5,64,1.4,0.5,2850,73.04
2008,2307,7.5,7,74,0.8,0.1,2800,82.94
2008,2326,4.4,7.3,428,0.4,0.15,1090,70.8
2008,2331,6.8,7,169,0.4,0.25,560,82.58
2008,2337,1.7,6.2,181,3,0.45,2208,37.98
2008,2338,3,6.1,80,2,0.13,1240,49.4
2008,1448,6.9,7.8,469,0.89,0.86,5874,82.04
2008,1455,7.7,8.1,266,1.83,1.01,3175,82.4
2008,1456,6.8,7.8,16468,1.65,2,775,82.04
2008,1642,7.5,8.2,233,2.5,0.89,4300,82.4
2008,1643,7.6,8.1,233,1.35,1.43,3200,82.4
2008,1685,7,7.6,593,0.25,1.95,468,87.66
2008,1159,7.6,6.6,118,1.15,0.15,180,78.48
2008,1160,6.8,6.6,179,1.88,0.2,253,78.3
2008,1161,6.8,6.7,172,2.14,0.19,402,81.6
2008,1162,6.9,7.1,260,1.78,0.13,200,88.02
2008,1328,7.3,6.6,94,1.27,0.17,150,78.48
2008,1329,7.4,6.7,88,1.03,0.15,173,81.78
2008,1330,7.2,7.2,439,2.28,0.14,415,87.66
2008,1450,6.8,7.6,749,2.25,0.36,699,82.04
2008,1444,6.9,7.3,252,4.33,1,858,77.72
2008,1894,7,7.3,46,1,0.516,707,82.94
2008,1892,7,7.3,40,1,0.516,81,88.56
2008,2352,7.7,8.1,195,1.1,0.7,10,93.82
2008,1871,8,8.2,572,0.5,0.516,26,93.28
2008,1884,3.8,7.8,1424,155.6,0.66,468,47.4
2008,1870,4.9,7.8,704,3.5,0.516,375,71.74
2008,1023,5.9,7.2,703,5.4,2.05,21000,60.5
2008,1024,5.3,7.4,1095,27,3.35,217500,55.82
2008,1025,6.7,6.9,1094,17.1,19.4,468,75
2008,1026,6.2,7,1312,22.3,17.7,468,78.3
2008,1295,5.7,7.3,732,10.7,2.4,45500,55.82
2008,1473,5,7.2,983,26.1,3.05,135000,50.2
2008,1698,5,7.3,748,7.4,2.65,90000,50.2
2008,1699,5.1,7.2,760,13.5,2.55,122500,55.82
2008,1700,4.5,7.2,856,23.8,3.45,232500,50.2
2008,1701,4.4,7.2,1184,18.1,3.75,70000,50.2
2008,1702,4.5,7.4,1186,22.7,3.07,78333,50.2
2008,1703,5.2,7.5,1036,28.5,3.55,155000,55.82
2008,1704,5.5,7.6,973,27.8,3.33,392500,55.82
2008,1705,5.6,7.6,951,25.8,3.23,712500,55.82
2008,1885,6.4,7.9,378,4.1,0.94,468,82.98
2008,1887,6.8,7,970,25.3,20.2,468,77.74
2008,1717,5.4,7.8,438,1.7,0.41,6,87.66
2008,1424,7.9,6.7,120,1.2,0.516,135,81.78
2008,1457,6.2,7.3,135,1.8,0.516,113,88.38
2008,1627,8.2,7.6,176,1.9,0.516,135,88.2
2008,1628,6.6,7.4,112,1.2,0.516,91,88.38
2008,1458,7.9,7.8,196,0.8,0.516,73,88.2
2008,1624,9,8,269,1.8,0.516,155,88.02
2008,1925,6.7,8,698,1.8965,0.516,468,87.66
2008,1926,9.6,7.6,633,1.8965,0.516,30,93.28
2008,1625,3.2,6.8,389,26,0.516,633,52.52
2008,1626,5.5,7.5,375,24,0.516,383,72.68
2008,1428,5,3.2,630,7,2.5,33,56.18
2008,2050,7,7.8,122,0.65,0.516,3,99.62
2008,2051,7.2,7.8,130,0.93,0.1,3,99.62
2008,2052,6.6,8,151,0.98,0.516,6,93.82
2008,2053,6.7,7.9,188,1.03,0.516,8,93.82
2008,1403,6.1,7.7,120,1.36,0.516,350,88.38
2008,1404,5.4,7.3,141,2.67,0.08,510,77.14
2008,1726,5.8,7.8,161,2.93,0.1,588,76.96
2007,1393,6.7,7.6,253,1.8965,2.8,468,88.02
2007,1150,7,7.7,448,0.4,0.2,42,93.28
2007,1246,4.8,7.5,20360,8.8,0.2,65,67.06
2007,1860,4.9,7.7,904,3.6,0.516,32750,54.88
2007,1861,6.4,8,477,2.4,0.516,22825,70.8
2007,1862,6.7,7.9,14111,2.9,0.516,21000,70.8
2007,1865,5.7,7.6,868,4.2,0.4,57,77.36
2007,1148,6.2,8,899,3.1,0.516,16500,66.12
2007,1149,4.8,7.6,14426,10.4,0.1,148,67.06
2007,1435,6.2,7.4,29920,3.6,0.2,41,88.6
2007,1434,6.7,7.5,5414,359,0.1,14,69.88
2007,1438,4.2,7.8,589,4,0.516,50250,54.88
2007,1399,6.8,7.5,2870,2.5,0.1,1114,82.04
2007,1475,6.5,6.9,1690,1.5,0.1,1331,78.74
2007,1476,6.5,7.1,3110,1.6,0.1,2056,82.04
2007,1400,6.4,7.7,44000,2.3,0.1,1287,82.04
2007,1543,7.2,7.2,70,1.6,0.1,2887,82.94
2007,1544,7.2,6.8,60,2.1,0.1,10403,68.4
2007,1545,7.4,7.1,80,1.4,0.1,1010,82.76
2007,1546,7.2,6.9,80,1.3,0.1,1938,79.46
2007,1547,7.4,7,66,2,0.1,1451,82.94
2007,1548,6.3,6.6,66,1.6,0.1,3293,73.04
2007,1093,6.4,7.3,103,4,0.24,753,78.08
2007,1094,6.7,7.4,103,3.9,0.22,644,78.08
2007,1461,6.6,7.5,97,3.7,0.25,169,83.7
2007,1092,5.7,7.2,531,5.3,0.75,456,77.36
2007,1462,6.4,7.1,113,3.9,0.47,400,83.7
2007,1151,6.6,7.2,88,3.9,0.45,1146,78.08
2007,1152,6.2,7.3,117,4,0.5,638,78.08
2007,17,5.5,6.6,1314,1.7,0.4,668,66.52
2007,18,7.5,6.8,32,0.8,0.3,738,79.64
2007,1338,6.7,6.8,42,1,0.4,804,79.64
2007,20,6.9,6.7,73,0.5,0.2,1242,76.34
2007,21,6.8,6.9,7920,0.5,0.2,813,78.74
2007,42,7.4,7.2,49,1.1,0.3,641,82.94
2007,43,7.2,6.8,58,1.5,0.3,556,79.64
2007,1154,6.8,6.6,115,2,0.5,635,72.86
2007,1155,0.8,6.8,2156,7.4,1,20733,30.04
2007,1156,7.1,6.1,34,0.6,0.5,1975,66.44
2007,1341,5.9,6.2,52,0.5,0.6,1775,60.82
2007,1565,5.1,6.2,55,1.1,0.4,2000,60.82
2007,1339,6.7,6.2,43,0.7,0.4,2100,66.44
2007,1340,5.8,6.2,34,0.6,0.3,1625,60.82
2007,1384,6.4,6.2,39,0.7,0.4,1900,66.44
2007,1342,6.6,6.3,41,0.6,0.3,1442,66.44
2007,1443,5.4,6.2,47,0.7,0.5,1825,60.82
2007,1442,6.7,6.7,80,1.3,0.5,3050,76.16
2007,1563,6.4,7,112,1.4,0.7,5725,82.76
2007,1564,6.3,7.1,83,1,0.4,1080,82.76
2007,1566,6.2,6.5,95,0.8,1.2,2550,72.86
2007,1567,6.9,6.4,41,0.5,0.2,285,72.06
2007,1568,6.8,6.5,51,0.5,0.2,435,78.66
2007,1569,6.6,6.9,11654,0.7,0.3,963,78.74
2007,1570,7,7.2,11962,0.3,0.3,550,82.04
2007,1571,7.5,6.9,52,0.5,0.2,685,79.64
2007,1572,7.4,6.8,68,0.3,0.2,725,79.64
2007,1573,2.8,6.6,1239,2.3,0.6,645,44.04
2007,1448,6.2,7.6,380,0.5,0.5,24583,70.8
2007,1455,7.9,7.9,382,2.1,0.21,2700,82.04
2007,1456,8.1,8,21030,1.7,0.51,463,87.66
2007,1642,7.2,7.7,244,1.2,0.51,1793,82.4
2007,1643,6.7,7.6,231,1.5,0.56,3133,82.4
2007,1685,7,8.1,637,3.5,1.2,468,82.98
2007,1159,7.5,6.5,65,1,0.15,319,78.66
2007,1160,6.8,6.5,88,0.9,0.11,233,78.48
2007,1161,6.8,6.5,128,1.8,0.15,507,72.86
2007,1162,7.8,7.2,250,1.9,0.15,249,88.02
2007,1328,7.2,6.4,71,1.2,0.12,165,72.06
2007,1329,7.4,6.5,71,1.5,0.12,189,78.66
2007,1330,7.6,7.1,428,2.5,0.15,443,87.66
2007,1450,6.8,7.2,856,2.1,0.32,348,87.66
2007,1444,7.3,7.3,152,2,1.28,998,82.58
2007,1894,6.9,7.2,58,1,0.516,55,88.56
2007,1892,7,7.2,56,1,0.516,16.5,94.18
2007,1871,7.9,7.9,385,2.5,0.25,24,93.28
2007,1884,3.9,7.9,2422,74.8,0.78,468,61.44
2007,1870,4.9,7.6,972,19.6,1.8,718,61.44
2007,1023,7.4,7.5,413,2.1,1.23,10775,70.8
2007,1024,6.1,7.8,632,8.1,2.9,162500,61.44
2007,1025,4.9,8.1,852,26.3,18.1,468,67.06
2007,1026,4.5,8.3,996,25.3,15.8,468,67.06
2007,1295,6.7,7.6,425,7.4,2.88,78750,61.44
2007,1473,6.3,7.7,619,7.3,3.28,125000,61.44
2007,1698,6.4,7.7,439,4.2,2.2,440750,66.12
2007,1699,6.5,7.7,686,9.8,2.6,105000,61.44
2007,1700,6.4,7.8,754,13.8,2.53,227500,61.44
2007,1701,6.3,7.7,615,8.2,3.7,622500,61.44
2007,1702,6.2,7.6,457,3.7,2.23,49000,66.12
2007,1703,6,7.8,690,9.6,3,117500,61.44
2007,1704,5.9,7.8,692,11.1,3.5,222500,55.82
2007,1705,5.9,7.7,699,10.4,3.33,967500,55.82
2007,1885,6.5,8.2,1315,2.2,0.05,468,87.66
2007,1887,6.6,8.2,895,26.3,15.5,468,78.3
2007,2047,6.7,7.2,183,50,0.27,468,78.84
2007,2048,6.7,7.4,183,50,0.4,468,78.84
2007,2049,1,7.3,183,49.7,0.6,468,50.74
2007,1717,5.6,7.4,168,2.2,0.38,16,88.2
2007,2050,6.7,7.9,135,0.4,0.516,3,99.62
2007,2051,6.5,7.9,195,0.6,0.516,3,99.44
2007,2052,7.3,7.8,219,0.5,0.516,468,88.2
2007,2053,7.7,7.9,227,0.4,0.516,15,93.64
2007,1424,6.2,7,132,1.6,0.516,102,88.38
2007,1457,6.4,7.4,137,2.1,0.516,58,88.38
2007,1458,6.4,7.6,200,1,0.516,36,93.82
2007,1624,7,7.6,210,2.4,0.516,137,88.2
2007,1625,3.6,7.2,249,4.9,0.516,383,66.48
2007,1626,3.7,7.5,224,4,0.516,394,66.66
2007,1627,7.1,7.3,156,2,0.516,89,88.2
2007,1628,7.1,7.2,127,2,0.516,60,88.38
2007,1925,5.8,7.6,258,1.7,0.516,118,82.4
2007,1926,8.4,7.9,383,0.8,0.516,180,87.66
2007,1427,8.1,7.2,221,5.4,1.95,373,83.52
2007,1428,6.1,3.1,738,5.5,2.73,45,72.1
2007,1631,8,7,164,1.7,1.6,2067,82.58
2007,1632,5.4,7.2,153,1.7,1.78,278,82.58
2007,1633,7,7,161,1.7,2.43,375,88.2
2007,1403,5.2,7.4,120,1.4,0.05,280,82.76
2007,1404,4.7,7.4,139,1.8965,0.11,440,77.14
2007,1726,5.4,7.4,128,3,0.06,565,77.14
2007,1927,6.9,7.2,233,1.5,0.516,119,88.02
2006,1393,6.7,7.61,168.2,1.8965,10.3,468,88.2
2006,1150,7.102,7.945,307.5,1.525,0.11,50,93.28
2006,1246,3.487,7.015,25950,9.2,0.228,1400,55.82
2006,1860,5.35,7.935,735,4.7,0.835,15000,60.5
2006,1861,7.05,7.995,535,4.7,1.195,33500,66.12
2006,1862,6.5,8.14,16410,5.3,1.397,2400,77.36
2006,1865,6.7,7.885,896.5,15,0.42,10,83.92
2006,1148,5.6,8.173,3660,4.6,0.46,6867,71.74
2006,1149,6.085,7.695,933,3.2,0.153,1550,77.36
2006,1435,6.055,7.605,6715,4.3,0.222,140,82.98
2006,1434,6.7,7.215,15580,431.5,0.395,8,69.88
2006,1436,7.93,8.32,2160,1.46,0.277,5,98.9
2006,1438,4.9,7.943,504.7,3.1,0.603,2367,66.12
2006,1399,6.625,7.725,149.3,2.175,0.123,60,88.38
2006,1475,5.175,6.95,464,1.5,0.7,255,65.54
2006,1476,6.4,7.45,142.8,2.025,0.155,4073,82.76
2006,1400,6.2,7.9,218,1.575,0.615,85,88.2
2006,1543,7.4,6.733,344.3,1.7,0.9,160,81.06
2006,1544,7.6,6.775,213.3,1.3,0.173,3275,75.98
2006,1545,7.35,7.1,214.8,1.425,0.15,285,88.2
2006,1546,7.675,6.875,103.3,1.025,3.367,96,85.08
2006,1547,7.125,7.55,418.3,1.725,0.45,106,87.66
2006,1548,7,6.725,497.3,1.575,0.135,5425,75.44
2006,1093,6.543,7.229,130.4,4.014,0.307,187,83.7
2006,1094,6.7,7.307,121.5,3.857,0.264,162,83.7
2006,1461,7.1,7.507,102.5,4.633,0.21,152,83.7
2006,1092,6.333,7.277,542,5.4,7.187,207,82.98
2006,1462,6.471,7.379,204.3,3.729,0.309,174,83.52
2006,1151,6.371,7.061,214,4.5,0.346,292,83.52
2006,1152,6.7,7.44,153.3,4.4,0.65,305,83.52
2006,17,6.2,6.457,881.1,1.757,0.326,541,65.54
2006,18,7.286,6.586,82.9,1.071,0.233,470,78.48
2006,1338,6.525,6.5,124.1,1.313,0.227,844,72.86
2006,20,6.917,6.95,185.4,0.467,0.112,433,71.7
2006,21,6.8,7.043,8489.9,0.414,0.153,473,87.66
2006,42,7.075,7.25,107.3,0.988,0.369,384,88.38
2006,43,7.013,6.712,151.4,1.4,0.397,485,81.6
2006,1154,6.787,6.65,119.3,1.637,0.4,574,72.86
2006,1155,4.1,6.775,511.4,6.788,1.373,3100,54.84
2006,1156,6.9,6.8,224,0.733,0.438,2500,79.28
2006,1341,6.867,6.833,292.7,0.633,0.575,2400,79.1
2006,1565,6.467,6.6,240,1.033,0.66,2733,72.5
2006,1339,6.667,6.933,268,0.933,0.893,3300,65.9
2006,1340,6.967,6.933,268,0.833,0.4,2233,65.9
2006,1384,6.733,6.867,324,0.933,0.455,2233,78.74
2006,1342,6.714,6.957,143.4,0.671,0.449,2171,66.26
2006,1443,6.733,6.733,242.7,0.9,0.743,2833,75.8
2006,1442,7.233,6.867,75.7,1.1,0.853,2300,79.46
2006,1563,6.233,6.9,104.7,0.867,1.267,2233,79.46
2006,1564,6.867,7.067,336.7,0.533,0.285,455,87.66
2006,1566,6.433,6.667,339.3,0.6,0.292,967,72.14
2006,1567,7.033,6.533,141.3,0.533,0.135,740,72.86
2006,1568,6.633,7.067,237,0.633,0.45,800,82.4
2006,1569,6.833,7,18389,0.7,0.345,583,82.04
2006,1570,6.333,7.167,24535.7,0.7,0.332,447,87.66
2006,1571,7.033,7.033,241,0.267,0.232,1260,82.4
2006,1572,7,7.133,302,0.7,0.168,933,82.04
2006,1573,3.5,6.567,1285.3,2.133,0.347,443,60.9
2006,1448,6.243,7.253,405.6,0.857,1.269,21469,70.8
2006,1642,6.9,8.2,211,2.8,2.12,2200,82.58
2006,1643,7.8,8.5,197,0.6,3.01,3500,82.58
2006,1685,7.3,8.6,528,0.9,4.8,468,84.36
2006,1159,7.95,6.565,188.5,1.5,0.08,66,78.3
2006,1160,5.8,6.6,107,1,0.265,58,72.86
2006,1161,6.975,6.725,144.3,1.5,0.22,98,81.78
2006,1162,5.35,7.19,216.3,1.325,0.263,31,88.2
2006,1328,7.525,6.61,93.3,1.5,0.283,26,84.1
2006,1329,7.15,6.56,141,1.1,0.25,73,78.48
2006,1330,4.325,7.045,547,2.075,0.25,109,76.42
2006,1450,6.925,7.633,552,2,0.217,570,82.04
2006,1444,6.825,7.125,299.3,3.667,1.525,771,77.72
2006,1892,6.7,7.267,92.7,1.333,0.516,41,94
2006,1894,6.75,7.3,169.3,1.667,0.516,47,93.82
2006,1885,5.87,7.84,895.5,4.35,0.516,468,77.36
2006,1023,6.033,7.367,323.3,3.267,0.667,6867,77.36
2006,1024,5.1,7.85,785,12,1.65,36500,55.82
2006,1295,4.867,7.367,568,12,1.367,27667,50.2
2006,1473,4.833,7.533,760,13.333,1.933,30000,50.2
2006,1698,5.1,7.367,388,6.933,1.4,43067,55.82
2006,1699,6.8,7.3,433.5,5.4,1.35,9250,77.36
2006,1700,4.2,7.367,758,14.667,1.7,83667,50.2
2006,1701,5.533,7.3,453.3,9.333,1.567,88333,55.82
2006,1702,5.2,7.3,391.3,6.267,1.4,54067,55.82
2006,1703,4.2,7.733,825.3,21,1.4,76667,50.2
2006,1704,4.033,7.667,855,21.333,1.767,148667,33.34
2006,1705,4.133,7.633,811.3,20.333,1.667,110333,50.2
2006,1025,5.35,7.55,682.5,17,20.45,468,72.12
2006,1026,4.05,7.85,773.5,16,19.35,468,50.2
2006,1887,6.25,7.9,770,14,19.4,468,78.3
2006,1870,6.65,7.875,914.5,43,0.824,16900,61.44
2006,1871,7.2,9.01,340.5,4.6,2.955,23,72.1
2006,1884,6.27,7.89,3638,149.75,0.516,468,64.26
2006,1717,6.1,7.1,183,3.1,0.3,14,89.14
2006,2047,0.6,7.3,646,87,6.8,468,45.52
2006,2048,6.7,7.9,1151,130,8.3,468,64.26
2006,2049,6.7,7.1,912,126,6.7,468,64.26
2006,1427,7.2,7,183,5.2,2.6,180,83.52
2006,1428,4.6,3,350,6.2,2.2,49,56.18
2006,1631,8.8,7,172,1.6,5,2800,82.58
2006,1632,10,7.1,150,1,4,350,88.38
2006,1633,9,7.3,158,1.8,7.2,280,88.2
2006,2050,7.767,7.543,183,0.5,0.516,468,88.2
2006,2051,7.167,8.143,183,0.6,0.516,468,88.2
2006,2052,8.533,7.857,170,0.4,0.516,468,88.2
2006,2053,8.867,7.793,216,0.5,0.516,468,88.2
2005,1861,5.6,7.65,375.2,1.758,1.995,18417,65.18
2005,1861,6.7,7.76,233.3,10.825,5.657,468,78.66
2005,1861,6.7,7.3,183,1,1.01,37000,71.34
2005,1861,6.7,7.3,183,112,5.5,6400000,57.3
2005,1861,7.2,7.84,342.8,1.764,0.528,230,87.66
2005,1861,5,7.22,18370.3,19.663,0.452,13525,50.2
2005,1861,6.2,8.11,480,11.333,0.39,18810,61.44
2005,1861,7.2,8.07,580,4,0.37,280,82.98
2005,1861,6.2,7.98,11125,5,0.39,50350,66.12
2005,1861,3.9,7.92,1039,14.847,1.412,36,67.06
2005,1861,7.2,7.42,246.9,4.632,0.791,118311,66.48
2005,1861,6.9,6.44,302.9,2.304,0.231,116,71.16
2005,1861,7.8,6.69,255.9,2.754,0.348,140,78.12
2005,1861,6.7,7.35,346.1,1.893,0.973,148,87.66
2005,1861,8.3,6.68,348.9,2.503,1.686,155,77.76
2005,1861,8.1,6.18,187.4,2.375,0.196,155,71.7
2005,1861,7.7,6.55,121.8,2.242,1.136,164,78.48
2005,1861,8.6,6.56,181.4,2.423,0.276,155,78.3
2005,1861,7.7,6.45,302.5,2.144,0.163,142,71.16
2005,1861,7.4,6.07,142.8,1.681,0.276,140,71.88
2005,1861,7,8.16,4545,4.165,0.343,27550,66.12
2005,1861,5.9,7.36,761,6.1,0.083,4600,67.06
2005,1861,4.1,7.57,29369.3,7.08,0.302,1993,61.44
2005,1861,3.9,5.27,5914,441.8,0.512,10,36.52
2005,1861,5.7,7.62,665,2.12,0.86,6000,76.42
2005,1861,6.1,8,602.5,5.64,1.035,38428,66.12
2005,1861,6.2,7.88,540.7,9.75,17.387,1100,72.68
2005,1861,6.3,8.05,634.3,13,10.89,75,78.3
2005,1861,7.1,7.2,280.5,1.6,0.48,95,88.02
2005,1861,7.4,7.27,253.3,1.333,0.17,37,93.64
2005,1861,7.3,7.3,236.7,4,0.08,58,83.34
2005,1861,5.9,6.6,1359.5,1.755,0.326,387,72.14
2005,1861,7.4,6.68,39.3,1.164,0.204,298,78.66
2005,1861,7.1,6.75,41.9,1.325,0.18,378,81.96
2005,1861,6.8,6.92,70.8,0.458,0.117,353,72.06
2005,1861,6.8,6.98,7179.1,0.475,0.206,466,71.16
2005,1861,6.8,7.03,36.8,1.117,0.146,624,82.94
2005,1861,7.2,6.76,59.8,1.692,0.449,357,81.96
2005,1861,6.2,6.63,106.8,1.275,0.444,360,78.48
2005,1861,6.6,6.77,250.7,1.383,1.54,3383,75.8
2005,1861,6.9,6.95,51.3,0.625,0.518,3100,66.44
2005,1861,6,6.75,641,0.975,0.792,3600,75.44
2005,1861,5.4,6.85,73.3,1.075,0.457,8375,74.02
2005,1861,6.7,6.93,65,0.675,0.77,4200,66.44
2005,1861,6.9,6.85,56.3,0.575,0.383,3400,79.64
2005,1861,6.5,6.98,59.3,0.575,0.345,2600,66.44
2005,1861,6.8,7.06,63.3,0.567,0.404,2825,82.94
2005,1861,5.8,6.73,73,0.7,0.315,3500,70.72
2005,1861,6.8,6.8,69.8,0.7,0.61,1775,79.64
2005,1861,7.1,6.83,80,0.7,0.835,1475,79.46
2005,1861,6.3,7.15,65.5,1.05,0.223,595,82.94
2005,1861,6.3,6.95,77.5,0.65,0.208,775,66.26
2005,1861,6.9,6.65,34,0.5,0.095,215,78.66
2005,1861,6.4,6.75,49.3,0.675,0.193,350,81.96
2005,1861,6.8,7.35,18568.3,1.15,0.14,660,82.04
2005,1861,6.8,7.08,19740.8,0.975,0.165,515,82.04
2005,1861,7.1,6.98,58.3,0.55,0.152,510,66.44
2005,1861,7,7.23,67.5,0.425,0.09,453,88.56
2005,1861,2.4,6.43,1041.3,2.025,1.05,373,43.06
2005,1861,6.7,7.56,128.4,4.942,0.447,250,83.7
2005,1861,6.8,7.68,123.2,4.475,0.4,236,83.7
2005,1861,6.5,7.33,135.8,4.4,0.33,208,83.7
2005,1861,5.1,7.45,5168.8,9.875,1.81,210,72.68
2005,1861,6.5,7.34,128.5,5.125,0.819,230,83.7
2005,1861,6.6,7.47,143.8,4.958,0.667,358,83.7
2005,1861,6.6,7.75,136.8,4.5,0.505,203,83.7
2005,1861,7.9,7.85,76.5,3,0.516,55,88.38
2005,1861,7.4,7,82.3,2.027,0.516,44,94
2005,1861,7,7.9,77.5,3.525,0.516,45,89.32
2005,1861,6.9,7.73,85.3,3.233,0.516,63,83.7
2005,1861,7.3,7.77,128.3,4.043,0.516,66,83.7
2005,1861,8,7.8,132,3.4,0.516,54,83.7
2005,1861,5.5,6.58,121.3,11.57,0.516,315,63.5
2005,1861,7,7.43,136.7,8.693,0.516,252,79.02
2005,1861,6.6,7.15,199,7.475,2.1,288,78.84
2005,1861,6.4,3.05,605,5.067,4.8,45,72.1
2005,1861,7.1,7.03,147.3,2.1,1,2300,82.76
2005,1861,8.1,7.03,148.3,1.967,0.516,307,88.38
2005,1861,8.3,7.1,152,2.133,0.516,413,88.2
2005,1861,7.4,6.6,183,1.8965,0.516,468,78.3
2005,1861,6.8,6.3,183,1.8965,0.516,468,71.7
2005,1861,6.1,7.15,183,1.8965,0.516,468,88.2
2005,1861,7.5,7.2,183,1.8965,0.516,468,88.2
2005,1861,7.5,7.8,286.5,1.775,0.51,17625,71.16
2005,1861,7.5,7.35,30683,2.25,0.745,2145,82.04
2005,1861,6,7.55,214.5,3.125,0.895,10950,66.66
2005,1861,6.3,7.43,201.3,2.175,0.76,4500,82.58
2005,1861,6.1,8.33,868.5,1.8965,1.975,468,87.66
2005,1861,8.1,7.86,342.3,2.747,0.24,468,87.66
2005,1861,7.3,7.3,157,2.067,0.55,348,88.2
2005,1861,4.9,7.33,494.7,14.533,2.2,18000,50.2
2005,1861,6.3,7.58,379.8,6.7,1.575,4963,72.68
2005,1861,6.1,7.58,490,14.25,2.425,27500,61.44
2005,1861,6.8,7.43,337.5,4.25,1.225,3043,77.36
2005,1861,6.7,7.38,333.5,3.85,1.575,11050,66.12
2005,1861,5.9,7.48,428,8.35,2.2,22025,55.82
2005,1861,6.5,7.4,361.8,4.3,1.9,15875,66.12
2005,1861,6.9,7.4,322,3.75,0.975,3500,77.36
2005,1861,5.1,7.48,496.5,14.7,2.3,23500,55.82
2005,1861,5,7.4,515.3,14.76,2.08,37320,50.2
2005,1861,5.1,7.43,503.3,16.25,2.3,44000,55.82
2005,1861,6.2,7.63,423.3,7,14.013,43,83.92
2005,1861,4.4,8.23,390,1.39,0.08,150,76.42
2005,1861,4.2,8.52,380,1.26,0.16,1100,67.5
2005,1861,4,7.65,729,36,2.89,2950,55.82
2005,1861,8,8.31,617,4.4,0.655,30,88.6
2005,1861,4.2,8.55,1184.7,341.833,4,468,49.72
2005,1861,5,7.92,160,1.443,0.153,149,76.96
2005,1861,7.5,7.53,87.3,1.407,0.567,133,88.38
2005,1861,6.6,7.27,162.3,3.555,0.292,156,83.52
2005,1861,6.8,7.12,172.3,1.723,0.198,283,88.2
2005,1861,6.7,7.6,277.8,1.229,0.183,33,93.64
2005,1861,7.1,6.94,95.8,0.943,0.151,26,77.5
2005,1861,7.4,7,88.5,0.977,0.186,105,88.38
2005,1861,6.6,7.81,603.2,2.675,0.263,191,87.66
2005,1861,6.6,7.49,571.5,2.091,0.256,273,87.66
2005,1861,5.4,7.16,75.8,2.092,0.516,513,77.14
2005,1861,5.4,7.37,104.8,1.802,0.215,557,77.14
2005,1861,5.3,7.37,102.2,2.552,0.202,583,77.14
2004,1448,7.8,239,6.2,1.7,2.188,10720,55.2
2004,1399,7.5,442,6.7,3.4,0.516,132,67.38
2003,1475,7,430,6.4,2.4,0.516,175,72.06
2003,1476,7.2,216,7.1,1.8,0.516,167,72.06
2003,1400,7.9,352,4.5,4.2,0.516,158,67.38
2003,1543,7,86,7.8,4.7,0.1,145,67.38
2003,1544,6.8,65,7.5,1.8,0.516,171,72.06
2003,1545,7.1,101,7.8,2,0.1,138,72.06
2003,1546,7,78,7.6,1.8,0.516,145,72.06
2003,1547,7.2,60,8,1.9,0.516,151,72.06
2003,1548,6.6,76,7.1,1.9,0.516,169,72.06
2003,1861,6.7,7.3,183,1.8965,0.516,468,88.2
2003,1150,8,368,7.4,1,0.516,554,66.44
2003,1246,7.5,21331,3.6,11.7,0.516,14109,45.84
2003,1860,8.1,540,7.2,2.5,0.516,540,66.44
2003,1861,8.1,443,4,2,0.516,6477,66.44
2003,1862,8.1,467,7.1,3,0.516,107,72.06
2003,1865,7.8,1304,4.6,19.5,0.516,63,62.7
2003,1148,8,1708,7.8,3.5,0.516,2051,61.76
2003,1149,7.5,1175,5.7,4,0.516,3900,61.76
2003,1435,7.5,67115,5,5.5,0.516,3425,61.76
2003,1434,4,9948,0.4,513.5,0.516,35,37.42
2003,1436,7.7,1148,4.8,6.9,2,10050,45.84
2003,1438,8,590,4.8,1.8,0.516,2873,66.44
2003,1444,7.7,440,6.5,2.4,0.9,688,66.44
2003,17,6.4,1579,5.8,1.7,0.513,959,66.44
2003,18,6.8,62,7.5,1.5,0.221,892,66.44
2003,1338,6.9,44,6.8,1,0.151,734,66.44
2003,20,6.9,62,6.8,0.4,0.21,802,66.44
2003,21,7,9416,6.7,0.5,0.241,832,66.44
2003,42,6.9,39,6.9,1.1,0.195,958,66.44
2003,43,7.1,53,6.9,1.4,0.367,632,66.44
2003,1154,6.9,102,6.4,1.2,0.335,608,66.44
2003,1155,6.8,437,5.7,1.1,0.922,2933,66.44
2003,1156,7.3,58,7,0.6,0.367,3025,66.44
2003,1341,6.9,1835,5.9,1.2,0.61,2400,66.44
2003,1565,6.8,60,5,0.9,0.475,3050,66.44
2003,1339,7.2,80,6.8,0.8,0.252,12750,55.2
2003,1340,7,42,7.3,0.4,0.347,3800,66.44
2003,1384,7,51,6.7,0.5,0.3,2900,66.44
2003,1342,7.1,58,6.8,0.5,0.337,3000,66.44
2003,1443,7,63,6.4,0.6,0.278,3550,66.44
2003,1442,6.8,72,6.6,0.6,0.53,1350,66.44
2003,1563,6.8,83,6.5,0.9,0.417,1350,66.44
2003,1564,7,69,6.4,1.2,0.222,1400,66.44
2003,1566,6.8,88,6.9,0.9,0.307,1600,66.44
2003,1567,6.9,31,7,0.5,0.164,158,72.06
2003,1568,6.8,46,6.9,0.5,0.149,905,66.44
2003,1569,7.2,20850,6.5,0.9,0.477,1475,66.44
2003,1570,7,24336,6.7,1.1,0.529,620,66.44
2003,1571,7.1,77,7.2,0.3,0.411,985,66.44
2003,1572,7.1,76,7,0.4,0.167,735,66.44
2003,1573,6.5,3384,3.7,1.9,0.757,643,66.44
2003,1093,7.7,280,6.6,5.7,0.994,223,67.38
2003,1094,7.8,183,6.9,5,0.497,211,67.38
2003,1461,7.7,107,6.8,5.2,0.386,208,67.38
2003,1092,7.5,185,5.6,6.5,0.514,224,62.7
2003,1462,7.3,157,6,5.6,0.603,221,67.38
2003,1151,7.4,150,6.3,6,0.614,269,67.38
2003,1152,7.4,139,5.8,5.9,0.453,213,67.38
2003,1424,7.3,111,7.1,2.4,0.516,80,72.06
2003,1457,7.4,74,7.5,1.2,0.516,64,72.06
2003,1627,7.5,77,7.4,3.2,0.516,65,67.38
2003,1628,7.3,97,7.3,1.9,0.516,78,72.06
2003,1458,7.4,121,7.5,2.7,0.516,69,72.06
2003,1624,7.4,142,6.7,1.3,0.516,73,72.06
2003,1625,7.3,112,8.1,17.2,0.516,225,62.7
2003,1626,7.5,124,3.7,18.5,0.516,247,62.7
2003,1427,6.9,223,6.3,6.8,0.516,295,62.7
2003,1428,3.1,493,5.8,5.9,0.516,33,56.14
2003,1631,6.9,142,7.3,2.2,0.516,1573,66.44
2003,1632,6.9,145,7.8,1.8,0.516,245,72.06
2003,1633,7,145,7.3,2.3,0.516,363,72.06
2003,1455,8.1,569,8.2,1.6,1.028,6050,66.44
2003,1456,7.7,28598,7.7,1.7,0.962,3200,66.44
2003,1642,7.4,219,6.8,3,0.964,11300,55.2
2003,1643,7.2,198,7.2,2.1,1.03,4950,66.44
2003,1685,8,978,5.4,9,1.24,468,62.7
2003,1717,7.6,203,6.3,1.9,0.107,109,72.06
2003,1159,7.2,150,7.5,1.3,0.142,327,72.06
2003,1160,7.3,178,6.7,1.5,0.138,190,72.06
2003,1161,7.1,214,6.8,2.3,0.585,350,72.06
2003,1162,7.5,293,7.2,1.2,0.568,35,77.68
2003,1328,6.9,146,7.1,2,0.506,38,77.68
2003,1329,7,136,7.5,1.4,0.609,205,72.06
2003,1330,7.9,738,7.2,2.7,0.518,202,72.06
2003,1450,7.5,585,6.3,2.6,0.155,315,72.06
2003,1403,7.6,98,6.2,1.2,0.516,570,66.44
2003,1404,7.7,91,6.5,1.3,0.516,562,66.44
2003,1726,7.6,110,5.7,1.1,0.516,546,66.44
